DOM_mapping_contig_number	DOM_contig_start	DOM_contig_end	left_flank	SNP	right_flank	Total_Depth	Var_Freq	Ref_DOM_count	Var_DOM_count	Ref_HISP_count	Var_HISP_count	sum_samples	ENSTGUG_reference	ENSTGUG_map_start	ENSTGUG_map_end	description
contig03304	1026	1026	GGAAGGAAGTGTACCGGCTTGCTTTACAAACACGAGAGCAGCATATCAGGAGGGATAAAGCTACCAGCAACATCTGCACAGCACAGGCTCTTCTGGCTAA	[T/C]	ATGTCAGCCATGTTTGGTATATACCATGGCTCTGATGGACTAAGGCACATTGCAAGACGAGTTCACAATGCTGCTCTAATCTTGGCTGAAGGTCTCAGGC	77	57%	6	0	0	6	12	ENSTGUG00000004885	34	2952	Glycine dehydrogenase [decarboxylating], mitochondrial Precursor (EC 1.4.4.2)(Glycine decarboxylase)(Glycine cleavage system P-protein) [Taeniopygia guttata]
contig01764	781	781	ATGTTAAAGCACCAGTCTCACAGCCAAGAGTGGAAACTAAACCTGAAGCTCAGTCTCAGCCTCCTCGCGTTCGTGAGCAGCGTCCCAGGGAAAGACCAGG	[T/C]	TTTCCACCACGAGGACCTCGGCCAGGAAGGGGAGACATGGAGCAGAATGAGTCGGATAATCGTCGGATAATTCGCTATCCAGACAGCCACCAGCTCTTTG	18	50%	6	0	0	6	12	ENSTGUG00000001561	122	1315	Ras GTPase-activating protein-binding protein 2 (G3BP-2)(GAP SH3 domain-binding protein 2) [Taeniopygia guttata]
contig01231	1353	1353	AGGGCCATGACTTTGAGCTTGCTCATGGTTCAGTAGTGATTGCTGCCATTACAAGCTGTACAAACACCAGTAATCCCTCAGTTATGTTGGGTGCAGGACT	[G/C]	CTTGCTAAGAAAGCTGTTGAAGCTGGTTTGACAGTGAAGCCGTACATTAAAACTAGCCTGTCCCCAGGAAGCGGGGTTGTCACTTACTATCTGAGGGAGA	64	62%	6	0	0	6	12	ENSTGUG00000001505	1	2676	Cytoplasmic aconitate hydratase (Aconitase)(EC 4.2.1.3)(Citrate hydro-lyase)(Iron-responsive element-binding protein 1)(IRE-BP 1)(Iron regulatory protein 1)(IRP1)(Ferritin repressor protein) [Taeniopygia guttata]
contig01231	1242	1242	CTGTGTCAGATATGAAGAAGGACTTcGAGACTTGTCTGGGAGCCAAGCAAGGATTCAAGGGCTTCCAAATTGCACCAGACCGACAAAACAGCATAGTCAA	[A/G]	TTTAATTTTGAGGGCCATGACTTTGAGCTTGCTCATGGTTCAGTAGTGATTGCTGCCATTACAAGCTGTACAAACACCAGTAATCCCTCAGTTATGTTGG	55	62%	6	0	0	6	12	ENSTGUG00000001505	1	2676	Cytoplasmic aconitate hydratase (Aconitase)(EC 4.2.1.3)(Citrate hydro-lyase)(Iron-responsive element-binding protein 1)(IRE-BP 1)(Iron regulatory protein 1)(IRP1)(Ferritin repressor protein) [Taeniopygia guttata]
contig12625	1074	1074	TGGACATCAGAGATGATGACGACCTGCCCACAGCCGAGGAGCTGGAGGACTGGATAGAGGATGTGCTTTCCGGGAAGATAAATACCGAAGATGATGATGA	[T/C]	GATGAAGATGACGACGATGATGAcGACGAtGAtGaTGATGACGacGACGAtgacgacgacgacgatgacgatgatga	23	78%	5	0	0	6	11	ENSTGUG00000013390	58	1208	Calsequestrin-2 Precursor (Calsequestrin, cardiac muscle isoform) [Taeniopygia guttata]
contig12625	1071	1071	GGATGGACATCAGAGATGATGACGACCTGCCCACAGCCGAGGAGCTGGAGGACTGGATAGAGGATGTGCTTTCCGGGAAGATAAATACCGAAGATGATGA	[T/C]	GATGATGAAGATGACGACGATGATGAcGACGAtGAtGaTGATGACGacGACGAtgacgacgacgacgatgacgatgatga	24	75%	5	0	0	6	11	ENSTGUG00000013390	58	1208	Calsequestrin-2 Precursor (Calsequestrin, cardiac muscle isoform) [Taeniopygia guttata]
contig12275	614	614	CCAGAGGCTAACCTGTCACCCACCTCTGTGTACGACTTACTTCCAGTGAAGGAATTCCATGGCTATGTCTATGATTCAAATGTACCCTTGGAGgAGACCT	[T/C]	GTGGAATTGCATGACCGTGGAGCCAATaGTTCGGGATGGGATCACCTATGTCCCaGTAATGGGGGTGAATGAAGAAGACACTTACAGCATCCTAAAGGAA	20	45%	6	0	0	5	11	ENSTGUG00000013087	1312	2081	Alpha-2-macroglobulin Precursor (Alpha-2-M)(C3 and PZP-like alpha-2-macroglobulin domain-containing protein 5) [Taeniopygia guttata]
contig12275	594	594	AGAGTGTTTTCCTCATGAAGCCAGAGGCTAACCTGTCACCCACCTCTGTGTACGACTTACTTCCAGTGAAGGAATTCCATGGCTATGTCTATGATTCAAA	[T/C]	GTACCCTTGGAGgAGACCTTGTGGAATTGCATGACCGTGGAGCCAATaGTTCGGGATGGGATCACCTATGTCCCaGTAATGGGGGTGAATGAAGAAGACA	21	48%	6	0	0	5	11	ENSTGUG00000013087	1312	2081	Alpha-2-macroglobulin Precursor (Alpha-2-M)(C3 and PZP-like alpha-2-macroglobulin domain-containing protein 5) [Taeniopygia guttata]
contig12275	523	523	GCCTTCCTCGGATGCTCACTTGCAGTTCCAGGCCTCCCCGAACTCCCTCTGTGCTGTGCGTGCTGTGGACAAGAGTGTTTTCCTCATGAAGCCAGAGGCT	[A/G]	ACCTGTCACCCACCTCTGTGTACGACTTACTTCCAGTGAAGGAATTCCATGGCTATGTCTATGATTCAAATGTACCCTTGGAGgAGACCTTGTGGAATTG	27	44%	6	0	0	5	11	ENSTGUG00000013087	1312	2081	Alpha-2-macroglobulin Precursor (Alpha-2-M)(C3 and PZP-like alpha-2-macroglobulin domain-containing protein 5) [Taeniopygia guttata]
contig10617	154	154	ACCTTTTCCAACATGAAACTGTAGTAACCAGTGAAACTtACAACAGTGCAAATTTAAGGCCTTCAACATTTGAGGATTTCAACACCAGGAGAGCCTGTTT	[T/G]	CCTAGCCAATCTAACCAGGT	27	41%	6	0	0	5	11	ENSTGUG00000011746	379	551	Sprouty-related, EVH1 domain-containing protein 1 (Spred-1)(hSpred1) [Taeniopygia guttata]
contig09539	993	993	CAAAGATTCTGCAACAGATTGAGGAGCCCTTGGCACTAGCAAGTGGAGCTTTGCCAGACTGGTGTGAGCAACTAACAAGCAAGTGTCCTTTCTTAATTCC	[A/G]	TTTGAAACGAGACAGTTGTACTTCACATGTACAGCATTTGGAGCATCAAGAGCAATTGTATGGCTGCAGAACAGACGTGAAGCCACTGTGGAACGGACAA	28	71%	5	0	0	6	11	ENSTGUG00000011864	2140	4737	None
contig09486	699	699	AACAGAAAATGCTTGACTACCTCAAGGATAAAAAGGATGTGGGGTTCTTTCAGAGCCTTGCtGGTCTTATGCAGTCCTGTAGTGTTCTTGACCTAAATGC	[G/A]	TTTGAACGTCAGAACAAAGCAGAAGGCCTTGGCATGGTGACTGAAGAGGGATCAGGAGAAAAGGTGATGCAGGATGATGAGTTCACCTGTGACCTCTTCC	43	56%	5	0	0	6	11	ENSTGUG00000010491	10551	15116	Ryanodine receptor 2 (RYR-2)(RyR2)(hRYR-2)(Cardiac muscle-type ryanodine receptor)(Cardiac muscle ryanodine receptor-calcium release channel) [Taeniopygia guttata]
contig09409	270	270	TGGTTGTAgCAaTTCAGTACAGACTGGGTATTGCTGGGTATTTTAGCACTGGTGATGAGCATGCCCGAGGTAACTGGGGATATTTAGACCAAGTGGCGGC	[T/C]	CTTCGGTGGATTCAGGAAAATATCCTGCATTTTGGaGGAGATCCAGCATCTGTCACCATCTTTGGAGAATCTGCAGGAGGAATCAGTGTTTCTGCTCTTG	34	56%	5	0	0	6	11	ENSTGUG00000009626	253	1046	Liver carboxylesterase 1 Precursor (EC 3.1.1.1)(Acyl coenzyme A:cholesterol acyltransferase)(ACAT)(Monocyte/macrophage serine esterase)(HMSE)(Serine esterase 1)(Brain carboxylesterase hBr1)(Triacylglycerol hydrolase)(TGH)(Egasyn)(Retinyl ester hydrolase)( [Taeniopygia guttata]
contig08719	463	463	CTGGATGCGGTTTTGGTCACAGCATGAAGACATCAGTCAGCCAGAGAGCATATTGGCTGTTGCCCGACAGGCTGGACTCTCAGCAGAGCTCTCCCAGAAG	[G/T]	CACTTGAAATGATTTCATCCCCTACAGTGAAGGACCGACTGAAAGACACAACAACTGAAGCACTGAAATATGGGGCATTTGGGATGCCTGCTGTTGTGGC	37	68%	5	0	0	6	11	ENSTGUG00000013205	1	660	Glutathione S-transferase kappa 1 (EC 2.5.1.18)(Glutathione S-transferase subunit 13)(GST 13-13)(GST class-kappa)(GSTK1-1)(hGSTK1) [Taeniopygia guttata]
contig03304	1776	1776	GCTATGACAAAATCTCCTTCCAGCCGAATAGTGGAGCCCAAGGAGAGTACGCAGGCTTGGCTGCAATCAAAGCTTATTTAAATGCCAAAGGAGAACGTCA	[T/C]	AGAACCGTTTGCCTTATTCCTAAATCTGCTCATGGTACTAATCCAGCAAGTGCACAAATGGCAGGGATGAAGATTCAGCCAATTGAAGTGGATAAAAATG	64	45%	6	0	0	5	11	ENSTGUG00000004885	34	2952	Glycine dehydrogenase [decarboxylating], mitochondrial Precursor (EC 1.4.4.2)(Glycine decarboxylase)(Glycine cleavage system P-protein) [Taeniopygia guttata]
contig03304	1725	1725	GATATCAGCAGCTTTTCAAGGATTTAGAGAAGGACCTATGTGAGATTACAGGCTATGACAAAATCTCCTTCCAGCCGAATAGTGGAGCCCAAGGAGAGTA	[C/T]	GCAGGCTTGGCTGCAATCAAAGCTTATTTAAATGCCAAAGGAGAACGTCATAGAACCGTTTGCCTTATTCCTAAATCTGCTCATGGTACTAATCCAGCAA	74	46%	6	0	0	5	11	ENSTGUG00000004885	34	2952	Glycine dehydrogenase [decarboxylating], mitochondrial Precursor (EC 1.4.4.2)(Glycine decarboxylase)(Glycine cleavage system P-protein) [Taeniopygia guttata]
contig00259	152	152	AGTTGGATTTGGGTGGCATGCTTGCAGTCTTGGAGCAGAAGCAGCAAAcAGAGAAGTCAAAACAGTCTCCTAAACCTGTGGTATTTTCAGTTGGTGGTGC	[A/G]	GTACCATTGCCATCTAAAGACCCTGCTACCGCCGCAAGAAGTCACCGTTTAAACCAAGGAAAGATGCCTCATAATCCCTTGGATTCCAGCGCTCCTTTGG	37	54%	5	0	0	6	11	ENSTGUG00000000440	334	1644	SECIS-binding protein 2 (Selenocysteine insertion sequence-binding protein 2) [Taeniopygia guttata]
contig13441	1842	1842	GCTCTGGAAGCCCTAGCCCTGTATGCAACCAACATCTTCAGCAAGGATAGCCCTGATCTTCAGGTTTCTCTCACTTCCAAGGGGTTCAGCCAAAACTTCC	[G/A]	AGTAGACAAAAGCAATCGCCTCCTGCTGCAGACAGTGGAGCTGCCAGCCATTCCCCAAGATTATACCCTGCGTGTGCAGGGACATGGGTGTCTTTTCCTG	26	54%	5	0	0	5	10	ENSTGUG00000018526	1922	4260	None
contig12276	768	768	CTGAAAATGTGGTACAAGACTCAGGCAGAGCATATTTCTCAGTGCTGGGGGACATCATGGGCACTGCCATGCAGAATCTGCACCAGCTCCTCCAGATGCC	[C/T]	TTTGGCTGTGGGGAGCAGAACATGGTCCTCTTTGCACCCAACATCTACGTCCTGGACTATCTGAACAAAACAGGGCAGCTGAGTGAGGAGATCAAATCCA	32	44%	5	0	0	5	10	ENSTGUG00000013087	2152	4410	Alpha-2-macroglobulin Precursor (Alpha-2-M)(C3 and PZP-like alpha-2-macroglobulin domain-containing protein 5) [Taeniopygia guttata]
contig12275	393	393	CTCCAGTGGCCCAAGTGCTTGTCTACACCACGGTCTCCAGCAAGGAGGTGATTGCTGATTCAGCCAAGTTCTACACAGAATTATGTTTCAACAATAAGGT	[G/A]	GACTTAAGCTTCTCCCCTTCGGAAGGCCTGCCTTCCTCGGATGCTCACTTGCAGTTCCAGGCCTCCCCGAACTCCCTCTGTGCTGTGCGTGCTGTGGACA	27	48%	5	0	0	5	10	ENSTGUG00000013087	1312	2081	Alpha-2-macroglobulin Precursor (Alpha-2-M)(C3 and PZP-like alpha-2-macroglobulin domain-containing protein 5) [Taeniopygia guttata]
contig11978	764	764	TGAAGACTGCATCGAACAGACATTCCTTTCCTACGCTGGTGTGAAACTTCCAGATGATCTCTAATCCTCCAAGTTAATAAGATAGAAGACTACTAAAACC	[G/A]	GAaGACAAATTAATGAAAATATGGCTTCAAAAATGAATGACAGGATGGTTTATGATCAAGTACCAGTTCTGGTCATTCTgTTAAATATTTATAACTgCTG	40	47%	6	0	0	4	10	ENSTGUG00000012593	2	1267	NEDD4 family-interacting protein 2 (NEDD4 WW domain-binding protein 5A)(Putative MAPK-activating protein PM04/PM05/PM06/PM07)(Putative NF-kappa-B-activating protein 413) [Taeniopygia guttata]
contig06888	744	744	AGTTGACAAAAGGATTAAGAGCTGTATACAATCTAATGCCATTGATGTGGACACCTGGATATTTGAATAGAGCCTTGCAAGTGATGGAGAATGTGACTTC	[T/A]	TTGTCAGGCAACATCAAAATCTGTAAAGAGGCTATTGATGCCTTGGAGACCATTTTGCAGTCTGTCCTTGAAGCCAAACCTGATCCAGAATCTGCTGAAG	17	53%	5	0	0	5	10	ENSTGUG00000005691	1	1183	28S ribosomal protein S27, mitochondrial (S27mt)(MRP-S27) [Taeniopygia guttata]
contig06645	2293	2293	ACACGTCTGACTATGAAGACACAGACACAGAAGGGGGTGCTTATACTGACCAAGAACTGGATGAAACTCTGAATGATGAGGTTGGGACTCCTCCAGAATC	[G/T]	GCTATTACACGCTCCTCTGAACCTGTTCGAGAGGATTCTTCTGGAATGCATCATGAGACTCAGACTTATCCTGCTTATGCATCTCAAGCTCAGCCACAGC	25	52%	5	0	0	5	10	ENSTGUG00000005653	327	5126	Tight junction protein ZO-1 (Zonula occludens protein 1)(Zona occludens protein 1)(Tight junction protein 1) [Taeniopygia guttata]
contig03765	2362	2362	AcTtGGACCAGGCTGAAGACAAAGCAGATGTTTTGAACAAGGAACTTCTCCTGACCAAACAGAAGCTAGTGGAGACTGAGGAAGAGAAAAGGAAGCAGGA	[A/G]	GAGGAAACTGCTCAGCTGAAGGAAGTCTTCAGGAAGCAGCTGGAGAAGGCAGAATCTGAGATCAAGAAAACCACAGCCATTATTGCAGAGTATAAACAGA	22	73%	4	0	0	6	10	ENSTGUG00000003293	273	3036	RAB GTPase-activating protein 1-like [Taeniopygia guttata]
contig03327	252	252	CAAAAGTTCTCGTGGCTCAGCATGATGTGTACAAGGGATTTCTAGCAGAGGAGCTGACTCCCTTGATTGTGGAAACTCATAAAAAaTTtAaTTACACCCA	[T/C]	ATTTGCGCTGGAGCATCTGCCTTTGGGAAGAATCTTATTCCCAGAGTGGCTGGCAAGCTTGATGTTGCCCCTGTTTCTGACATCATTGAAGTTAAGTCCC	23	70%	5	0	0	5	10	ENSTGUG00000003549	72	1059	Electron transfer flavoprotein subunit alpha, mitochondrial Precursor (Alpha-ETF) [Taeniopygia guttata]
contig03175	1921	1921	TTTGATTTACATCCCTGATGGACACACTAAAGAAATGCCAACATCTGGGTCAAAAGAGAAGACCAAAGCTGAAACTGCAAAGAAAGAGGCTAGTTCAGCT	[G/C]	TAAAAGGAAAATCTGctCCAGTTGTTGGTCATGCCTCTACTCCATCCTCTACTGAATCATCTGAAGGTCACTTGATCATCTACAACAAGGTGGCTGCACA	23	74%	4	0	0	6	10	ENSTGUG00000002796	234	4198	Bifunctional aminoacyl-tRNA synthetase (Proliferation-inducing gene 32 protein) [Includes Glutamyl-tRNA synthetase(EC 6.1.1.17)(Glutamate--tRNA ligase);Prolyl-tRNA synthetase(EC 6.1.1.15)(Proline--tRNA ligase)] [Taeniopygia guttata]
contig02970	3044	3044	ACTCCAAGTTGAGTAATGTTGCTGTCAGCAGTGAGCCTTCAACTGTATCAGCCAAACCACCACCACCACCTGTTTCTCTGAAACCTGCCTTTGGGCGTCC	[C/T]	ATTCTGAGAAACTCTCAGCCAGCAGTCCTGCCtGCAGAGGAGCAGGAGGAGGAGGCAAAgttggaagaggaaggaagcGAACAAGAAAATACTCCAAAAT	24	46%	5	0	0	5	10	ENSTGUG00000004208	1	3319	Tight junction protein ZO-2 (Zonula occludens protein 2)(Zona occludens protein 2)(Tight junction protein 2) [Taeniopygia guttata]
contig01924	762	762	GCAAAGGAGCAAATGTGAACAGGACCACAGCgAACAACGATCACACAGTGTTGTCGCTGGCCTGTGCTGGAGGTCACTTAGCAGTGGTGGAGTTACTGCT	[C/T]	GCTCATGGTGCTGATCCCACACACAGACTCAAGGACGGATCGACCATGCTCATTGAGGCAGCCAAAGGCGGTCACACCAGCGTGGTTTGTTACCTTCTAG	20	55%	5	0	0	5	10	ENSTGUG00000001580	901	1965	Ankyrin repeat domain-containing protein 17 (Gene trap ankyrin repeat protein)(Serologically defined breast cancer antigen NY-BR-16) [Taeniopygia guttata]
contig01766	742	742	AGATGAGAGAATGGACCTCTTATCTTTCACTGGCAGCACAAAAGTGGGCAAACAAGTAGCACTTATGGTTCAGGAGAGATTTGGTCGAAGCCTGCTGGAA	[C/T]	TGGGAGGAAACAATGCCATTATTGTGTTTGAAGATGCAGATCTGAACCTAGTCATTCCATCTGCTCTATTTGCTGCTGTGGGAACTGCAGGTCAGAGGTG	37	49%	4	0	0	6	10	ENSTGUG00000001320	129	1683	Alpha-aminoadipic semialdehyde dehydrogenase (Alpha-AASA dehydrogenase)(EC 1.2.1.31)(Delta1-piperideine-6-carboxylate dehydrogenease)(P6c dehydrogenase)(Aldehyde dehydrogenase family 7 member A1)(Antiquitin-1) [Taeniopygia guttata]
contig01312	1485	1485	AAGCAAGGGAGGGAAAACAGTTGTCTGAAGCAGATGAAGCAGCTTTGAAGGAGCCAATCATTAGGAGGTTCGAGGAGGAAGGAAACCCTTATTACTCCAG	[C/T]	GCAAGATTATGGGATGATGGAATTATTGATCCAGCTGACACAAGACTGGTTTTGGGCCTCAGTCTCAGCGCAGCACTAAATGCACCCACAAAGAAGACAG	22	64%	5	0	0	5	10	ENSTGUG00000001529	149	1794	Methylcrotonoyl-CoA carboxylase beta chain, mitochondrial Precursor (MCCase subunit beta)(EC 6.4.1.4)(3-methylcrotonyl-CoA:carbon dioxide ligase subunit beta)(3-methylcrotonyl-CoA carboxylase non-biotin-containing subunit)(3-methylcrotonyl-CoA carboxylase [Taeniopygia guttata]
contig00595	412	412	CAGATTGGATACTGGATAGAGACCCACAAGAAGAAATACTCAAGGCATTCAAATTGTTTGATGATGATGACTCTGGTAAAATAAGTCTGAGAAATCTGCG	[G/C]	CGGGTTGCTAGAGAATTGGGTGAAAATATGTCTGATGAAGAACTGCGGGcTATGATTGAAGAATTTGATAAGGATGGAGATGGAGAAATTAATCAAGAAG	27	37%	5	0	0	5	10	ENSTGUG00000000683	80	721	Centrin-3 [Taeniopygia guttata]
contig00507	587	587	tAGCAACAAAATACATGCATATTGGTTATATTGTGCCTCCAGCTCCAGAAAAAaGTATTGTAGGCATGACCAAGGTTAAAGTAGGCAAAGAAGATTCTTC	[A/C]	TCTACTGAATTTGTGGAGAAGAGAAGAGCAGCTCTAGAAAGGTATCTACAACGAACAGTGAAGCACCCAACCTTGCTACAGGATCCAGATTTGAGACAAT	21	48%	5	0	0	5	10	ENSTGUG00000001125	53	1591	Sorting nexin-2 (Transformation-related gene 9 protein)(TRG-9) [Taeniopygia guttata]
contig00492	1056	1056	AGTTAAAGTGGAAGCAGTGGATAATGACTATGATGCAACGCAGAAGTTGTCGTCACCCATTGACATGTCCTCAAAAAGaCATTTTGAGCTTGAAAAACAC	[A/G]	GTGCACAAAACTTGGTGCATTCTTCTCACACTCCTTTCTCGGTTCAAGTGACTAATATCCAAGACTGGTCACTTAAACCAGAACTCTGGCATCAGAAGGA	18	50%	4	0	0	6	10	ENSTGUG00000000417	40	1374	Nuclear factor interleukin-3-regulated protein (E4 promoter binding-protein 4)(Interleukin-3 promoter transcriptional activator)(Transcriptional activator NF-IL3A)(Interleukin-3 binding-protein 1) [Taeniopygia guttata]
contig00067	998	998	AAACAGAGGAAGAGAAAATCAAAGCACCCAAGAAGCAGAAGCTTGTCCATGAGATCACCATGGAGCTGGATGTAAATGATGTGCCTGACCTGCAAGAAGA	[A/T]	GAACTGAAGAGCTCGATGAAAAAACTCCAAGACTTGACAATCAGAGATCTAGAGAAACAGGAAAGAGAAAAATCAGCCAACAGCTTGGAGTCATTCATCT	34	62%	5	0	0	5	10	ENSTGUG00000000039	994	3130	Hypoxia up-regulated protein 1 Precursor (150 kDa oxygen-regulated protein)(Orp150) [Taeniopygia guttata]
contig12633	924	924	GTTTGCAGGTCGCAGTAAGAAAGAAACTAAATACTCTTTGAAGGCAGTGGAAGACATGTTGGAGACCCTGCAAATCACTCAGTCTTAGCTTGGCACAGAG	[A/C]	TCTAATATGAAATTTTCCAATACCACACTCAACCTGTAATGACCTGTGGGTTATGTTACTCTAGTGCTGTTAAAAGTTAATTTTGTATTGATTACGTGCT	30	27%	6	0	0	3	9	ENSTGUG00000012231	1	1227	Tetratricopeptide repeat protein 35 (TPR repeat protein 35) [Taeniopygia guttata]
contig12053	597	597	AAGAGTTAAGTTGTGCTAATTTAACAGAACCCTGTTCTCCTTCTCcTGGAGAAACAAAGGAAATAGTAGAGGTTGCAGTGAACACTGACTCTGGGAGTGC	[T/C]	GAGTCAGTTTGTTCAGTATCTGCAGATACTGAAACGATTCCAGTTAAAAATGAAACAAGTGATGTGATTGATTCACTGGGCTTGGAAAATTCTTCAGAAG	26	38%	5	0	0	4	9	ENSTGUG00000012770	245	1031	PHD finger protein 3 [Taeniopygia guttata]
contig11934	212	212	AGCAGAGAGAGtGTGTTGaTTTGGAaCAGATGATGTCAGAgAGTTtTGcAGGTGAAGATGGTAATGAAAAaTATGAGAAGAATGAAGTCAAAAACTGGGA	[T/C]	CACACATTCCATAAATTCAtGAAAAGAATATCTGTATGTCCTGAACAGATTTTAAGATACTCTTGGGGTGGCCAGCCTTTGTTCATCACATGTCCTCCAG	22	45%	5	0	0	4	9	ENSTGUG00000009619	311	841	Programmed cell death protein 2-like [Taeniopygia guttata]
contig06311	1349	1349	GGTGGTGCACGTTATACTGCGTTAGATAAATGGACCAACCAACTAAATTCTCTCAACCAGGCTGTAGTCAGCAAGCTGGCCTAACAGAAACCAAGCTTCT	[A/G]	CAAACCTACTTAAGGCAACAGTgCAGTGATGTAAACCTTAAAaGAACTGGGAATGGCAAAACTACTGTCGGTTGGTGTGCCCTGAAATTATTGGAGTTAT	18	56%	3	0	0	6	9	ENSTGUG00000007288	1	1836	COP9 signalosome complex subunit 2 (Signalosome subunit 2)(SGN2)(JAB1-containing signalosome subunit 2)(Thyroid receptor-interacting protein 15)(TRIP-15)(Alien homolog) [Taeniopygia guttata]
contig04258	344	344	ACTTGCAAATGTATGATCGTGTAATTGATTTTGATGAGAACACTGTCCTGGAGGACCAAGAAGAAGAATCATTTCGCCAGGAGAAAAAACGTTTTGAGAA	[A/G]	GCTAACAGAGATGATGTTCCTGCTCTAAATGTGGATGAGTATATTGCATTCGAGCATCCCGAAGAGGTGGAGTACATGACGGACTTTGTCATTCAGGAGG	22	45%	5	0	0	4	9	ENSTGUG00000003639	204	1217	Reticulocalbin-2 Precursor (Calcium-binding protein ERC-55)(E6-binding protein)(E6BP) [Taeniopygia guttata]
contig03946	207	207	AGGAaAGAGAGAAAAAAAaaCaGgAGAGGCAAGAAAaGAaGATGAGGCTTGAtAaaaaGCGGGAATGGgAAATGATGTGCCGAGTGAAGCCAGATGTTGT	[C/T]	AAAGACCGAGAGAAGGAAAGAAATCTTCAGAGAATTGCCACAAGAGGTGTTGTACAATTATTCAACGCTGTCAGGACACACCAGAAGAAAATGGAAGAGG	21	71%	4	0	0	5	9	ENSTGUG00000002841	106	719	RRP15-like protein (Ribosomal RNA-processing protein 15) [Taeniopygia guttata]
contig02970	552	552	ACAACCTGGATCAGAGCtATAGAGATGAGCATGACCGAGGGCGcAACCGgAGCAGAGACcGtGACAGGGAATGCaGCTAtAGCCGCGATCGAAGTCGTGG	[C/T]	AGGAgcGTTGACAGGAGCTTGGATCGAGACTgTAGAAGGGATCGGAgtaGGGGAAGGAGCATCGACAGGGATGCTGGCTATGAACGGcACTACAGAGGAG	14	57%	3	0	0	6	9	ENSTGUG00000004208	1	3319	Tight junction protein ZO-2 (Zonula occludens protein 2)(Zona occludens protein 2)(Tight junction protein 2) [Taeniopygia guttata]
contig02710	643	643	GCATGGTGACCGGCGGTGCAAACCTGGGCCGTATTGGGGTGATCACCAACCGGGAGAGGCACCCCGGGTCGTTTGATGTGGTTCATGTGAAGGATGCCAA	[T/C]	GGCAACAGCTTTGCCACCAGGCTGTCCAACATCTTCGTTATTGGCAAAGGCAACAAGCCATGGATCTCCTTGCCCCGTGGAAAGGGCATCCGCCTGACCa	21	62%	4	0	0	5	9	ENSTGUG00000004785	10	821	40S ribosomal protein S4, Y isoform 1 [Taeniopygia guttata]
contig02290	342	342	ACTATGCCTGTATAGGTCTAGACAAAATTGAAGAGAGACTGCCTATACTGAATCAACCCACCGACAAGGTTGTTGCCAATGCCAAGGATGTAGTTGTTGG	[A/G]	GCCAGAGAAGCTGTAACAACCACTGTGACTGGTGCCAAGGAAACTGTTGCTCACACAATCACTGGAGTTGTGGGCAAGACCAAAGAAGCAGTGCAAGACA	26	42%	5	0	0	4	9	ENSTGUG00000004399	1	1314	Adipophilin (Adipose differentiation-related protein)(ADRP) [Taeniopygia guttata]
contig01682	92	92	CAGgtAAAAACGTGGTCCACCAGTTGTCAGTAAGTTTAGAAGATATGTACAATGGTGCAaTGAGGAAACTTGCACTGCAGAAAAATGTTATCTGTGACAA	[C/T]	TGTGACAAGTGTGAAGGTCGTGGTGGTAAGAAAGGTGCAGTAGAATGCTGCCCCAATTGCAGGGGAACAGGCATGCAGATCAGAATTCACCAGATTGGGC	33	64%	5	0	0	4	9	ENSTGUG00000001446	439	1641	DnaJ homolog subfamily A member 1 (Heat shock 40 kDa protein 4)(DnaJ protein homolog 2)(HDJ-2)(HSJ-2)(HSDJ) [Taeniopygia guttata]
contig01002	948	948	AAACAGTTTGTGGCTTTGATTTGCTGCGTGCTAATGGACAGTCCTATGTCTGTGATGTGAATGGCTTCAGTTTTGTGAAAAACTCCATGAAATACTATGA	[T/C]	GATTGTGCTAAGATATTGGGAAATATCATAATGAGAGAACTTGCTCCCCAATTTCAAATACCATGGTCAATTCCTTTGGAAGCTGAAGACATTCCTATTG	20	50%	5	0	0	4	9	ENSTGUG00000000931	1	3510	Inositol hexakisphosphate and diphosphoinositol-pentakisphosphate kinase 2 (EC 2.7.4.21)(EC 2.7.4.24)(InsP6 and PP-IP5 kinase 2)(PP-IP5 kinase 2)(hsVIP2)(Histidine acid phosphatase domain-containing protein 1) [Taeniopygia guttata]
contig00746	7292	7292	CAACTTTTATTAAAGAGGCTCCGAGCCCAACTCTGCGGCGGAAATTAGAAGAGTCAGCTTCATTTGAATCGCTGTCGCCTTCCAGGCCAGATTCTCCCAC	[A/G]	AGGtCCCAACTACAGACCCCAGTTTTAAGTCCTTCTCTTCCTGATATGTCTTTATCCACTCATTCACCTGGCCAGAGTAGTGGTTGGCGAAAATTAGCCC	14	64%	4	0	0	5	9	ENSTGUG00000001015	130	8515	Adenomatous polyposis coli protein (Protein APC)(Deleted in polyposis 2.5) [Taeniopygia guttata]
contig13441	633	633	CTTTGCCTGTGTCCTgATTCAGCAAAAACATTTTCCTGGGATGTGAAGGCTACAAAATTAGGGAAGGTGAATTTCACTGTCACTGCTGAGGTGGTGGAGC	[A/G]	GGAAGATGTTTGCGTGgAGCGTACAGCTGTTGTGCCGGAGTCTGGAGGGAAGGACACAGTGGTTAAACACCTGCTGGTGAAGGCAGAGGGGCAGCTGGAG	15	60%	4	0	0	4	8	ENSTGUG00000018526	1922	4260	None
contig13441	1342	1342	GGAAGCTCTTcAACAATGGTCTGATGGGTGCAGTGGAAGAAGGCCTGGGGCTGAgCTCtGtgATTGTGATAGCTCTCATACACTCAGGGATGCCTCACAC	[C/T]	GACCCAGTTGTGGGGAAAGCTCTGAAaTGTATAAGGGATCTGGTCCATGCTGATTCTGGCAGTCCCAACCTCTACAGCCTGGCACTGgCTGCAAACGCCT	14	79%	3	0	0	5	8	ENSTGUG00000018526	1922	4260	None
contig11978	744	744	ACAAGATTTTTTTTCTGTACTGAAGACTGCATCGAACAGACATTCCTTTCCTACGCTGGTGTGAAACTTCCAGATGATCTCTAATCCTCCAAGTTAATAA	[G/C]	ATAGAAGACTACTAAAACCGGAaGACAAATTAATGAAAATATGGCTTCAAAAATGAATGACAGGATGGTTTATGATCAAGTACCAGTTCTGGTCATTCTg	31	61%	4	0	0	4	8	ENSTGUG00000012593	2	1267	NEDD4 family-interacting protein 2 (NEDD4 WW domain-binding protein 5A)(Putative MAPK-activating protein PM04/PM05/PM06/PM07)(Putative NF-kappa-B-activating protein 413) [Taeniopygia guttata]
contig11909	2289	2289	AAACTAACCTTTCAGGTCGCcAGAGCCCgaGTTTCAAGCTTTCTTTTTCCAGTGGTACAAAATCTAACCTTACCAGCCAGTCTTCTGCAAGTAATCTGCC	[T/C]	GGATCTCCcGGGTCCCCTGGGTCTCCAGGGTCCCCTGGCTCACCTGGATCAGTTTCTAAAAGCACATCTCAGATGGCAGCTATTACAACTAAGGGAGGCC	17	47%	5	0	0	3	8	ENSTGUG00000012541	43	2786	Serine/threonine-protein phosphatase 4 regulatory subunit 3A (SMEK homolog 1) [Taeniopygia guttata]
contig11736	2277	2277	AAGATTCCAAAAAGCCCAAATCGAAACTTGAAAGGAGATCTACCAGAACCCGAAAGTGCATAAGCTACAGGTTTGATGAATTTGATGAGGCAATTGATGA	[A/G]	GCAATTGAAGACGATATCAAGGAGGCTGATGGAGGAGGCATTGGCAGAGGCAAAGACATGTCAAATATCACAGGTCACCGTGGAAAAGACATTTCCACAA	18	61%	4	0	0	4	8	ENSTGUG00000013027	565	4095	Remodeling and spacing factor 1 (Rsf-1)(Hepatitis B virus X-associated protein)(HBV pX-associated protein 8)(p325 subunit of RSF chromatin-remodeling complex) [Taeniopygia guttata]
contig11641	568	568	GAGAGTTTTgcagATGCTGAAAGGGAAGAAGCAGGGTCATCTTCTGTCCATAGTGGCACAGCTCCATCATCATCATCATCTACATATGAAGCTAACAACA	[C/T]	ACCAACTAGTAATTACACTGGCATACATATACCACCAGGTGCCCATGCACCAGCCAACACTCCAGCTGAAGTACCTCATAACACAGGAGTgaCAAGTAAC	23	57%	4	0	0	4	8	ENSTGUG00000010951	45	1077	Vacuolar protein sorting-associated protein VTA1 homolog (Dopamine-responsive protein DRG-1) [Taeniopygia guttata]
contig11641	539	539	CTCAGCCTGGCCCCATTGGAATGGAAGGAGAGAGTTTTgcagATGCTGAAAGGGAAGAAGCAGGGTCATCTTCTGTCCATAGTGGCACAGCTCCATCATC	[A/G]	TCATCATCTACATATGAAGCTAACAACACACCAACTAGTAATTACACTGGCATACATATACCACCAGGTGCCCATGCACCAGCCAACACTCCAGCTGAAG	22	50%	4	0	0	4	8	ENSTGUG00000010951	45	1077	Vacuolar protein sorting-associated protein VTA1 homolog (Dopamine-responsive protein DRG-1) [Taeniopygia guttata]
contig11382	569	569	GTGGGgACTCAGTCTCAATGGTTGACTACATGATCTGGCCATGGTTTGAACGTCTGGAACCATTCCAGCTGAAGGACTCTTTGAATCACACCCCAAAGCT	[G/C]	cAACGCTGGATGGAGGCCATGAAGGAGGACCCTGCTGTCAAGGCTACAATAACTGATCCACAGATATACAAAAACTACCTCCAGCTGTACCTGAAGAACA	18	72%	4	0	0	4	8	ENSTGUG00000010435	116	1040	Glutathione S-transferase omega-2 (EC 2.5.1.18)(GSTO-2) [Taeniopygia guttata]
contig10776	2258	2258	TTGTTAATGAAAAAaTGCCAGGTTGTGATCGCTTCCTGGTACAGGAGATACTCACAACAAAAAAATACCAGAAGATAAAGAGTTCGGCTATCACaGTACA	[G/A]	TCGTACATCAGAGGGTGGAAGGCTCGGAAACTTCTTCGGGAGCTGAAGCACCTGAAGCGCTGCAATGAGGCTGCCACAGTAATTGCTGCTTATTGGCATG	17	47%	5	0	0	3	8	ENSTGUG00000010724	1	3633	Myosin-Ib (Myosin I alpha)(MMI-alpha)(MMIa)(MYH-1c) [Taeniopygia guttata]
contig10354	537	537	gCTTTACTGACcTCGGTAACACTGATGACTTCACTACAGAAACCTTGGAATGGAGATTAGGCTGCGCAGATGTAATTAATTACAGTGGAAACTTGATGGA	[A/G]	CCACCTTTTCAAAGTCAAAAGAAATACGGAACAAGCTTTACAAAGCTGGACAAGAAGACCATCAGAGGAAAGCTATATGATTCAGATTCTGATGATGACT	15	73%	3	0	0	5	8	ENSTGUG00000010125	45	874	Thioredoxin domain-containing protein 9 (Protein 1-4)(ATP-binding protein associated with cell differentiation) [Taeniopygia guttata]
contig10286	920	920	CAaGaGAGGAAACCTTAAACCTCTCTGGTAAGAAGAAAACaGAACTGGAGAGGCTTGGCATGGGATTaGGCAGCAAtAGGAGTGGCATTTCtCACTCAGT	[T/C]	GCCTcAGAGATGCAAACAaTcGAGCAGGAAACACCTACAATTGCAAAGCCAAAGAAGAAGTACATGGATAaTGTGGAAGACTCTtAcTtCTCTTCCAGCT	40	62%	3	0	0	5	8	ENSTGUG00000012247	37	1513	ADP-ribosylation factor GTPase-activating protein 3 (ARF GAP 3) [Taeniopygia guttata]
contig10286	388	388	TGCTGCTCAGCTCTACAAGGAGAAGATCAAATCTCTTGCAACACAGGCCACGAGAAAGCATGGGACTGATCTGTGGACAGATGGGTGTGGAATGCCACCA	[A/C]	cATCACCTCAGAACAAAGAGGAGGAAGATTTTTTtGCATCCCATGTTTCTACCAAGGCAAGGGATACAGAGTGGATGTTACCAGAACCAGTTTCTCTCCA	26	85%	2	0	0	6	8	ENSTGUG00000012247	37	1513	ADP-ribosylation factor GTPase-activating protein 3 (ARF GAP 3) [Taeniopygia guttata]
contig09536	415	415	CTTCTTCAGgCAGGGAATGCTGGATGTAGCTGAGGAGCTTTGtCAGGAATCTGGTCTATCAATAGATCAAAGTCAAAAAGAACCATTTGTGGAGTTAAAT	[C/A]	GAATATTGGAAGCATTAAAAGTTAGAGTTTTGAGACCTGCACTAGAGTGGGCGGTATCCAACAGAGAGATGCTCATGGCACAGAACAGCTCGCTGGAATT	24	37%	4	0	0	4	8	ENSTGUG00000010838	208	1920	Protein RMD5 homolog A [Taeniopygia guttata]
contig09222	664	664	CAGGAACAGCAGCAAAGAGAAATGCACCTCCAAAAGGAaGCCCCATCTGCAGTCTCAGACAAATCATCTGCAGGCCAAACcAACAAGTTTATCACTTCCA	[C/T]	tGACACCCGAGTCACCAAATGATCCCAAGGGTTCCCcATTTGAGAACAAGACTATTGAACAAACCTTAAGTgTGGAACTCTCTGGAACTGCAGgCCTAAC	11	82%	2	0	0	6	8	ENSTGUG00000009487	115	2385	Peroxisome proliferator-activated receptor gamma coactivator 1-alpha (PPAR-gamma coactivator 1-alpha)(PPARGC-1-alpha)(PGC-1-alpha)(Ligand effect modulator 6) [Taeniopygia guttata]
contig08952	1071	1071	GAGATTTTCAGGTTGGCGATTTAGTACTCATCATCTTGGATGAAAGGCATGACAACTACGTGTTGTTTACTGTTAGTCCAACCTTGTATTTCTTGCACTC	[G/A]	GAGTCCCTTGCTGCACTGGATCTCAAACCAGCATCGGGTGCATCTAGGAGACCATGGGTGCTAGGAAAAGTGATGGAAAAGGAGTATTGCCAGGCAAAAA	25	28%	5	0	0	3	8	ENSTGUG00000010964	3535	5103	RB1-inducible coiled-coil protein 1 [Taeniopygia guttata]
contig08583	409	409	AGCTTTTCCAGAGAGTTTGTGTGAATGAAGAAGGAATGCAGAGATTGCAACACGCCATTCAGGAGCATCCCGTGGTGCTGCTGCCCAGCCACCGAAGCTA	[T/C]	GTAGACTTTTTGATGCTGTCTTATTTGCTATACACgTATGACTTGGCCTTGCCTGTCATTGCATCAGGAATAGATTTCCTAGGAATGAAAATAGTTGGGG	18	83%	2	0	0	6	8	ENSTGUG00000009841	1	1921	Dihydroxyacetone phosphate acyltransferase (DHAP-AT)(DAP-AT)(EC 2.3.1.42)(Glycerone-phosphate O-acyltransferase)(Acyl-CoA:dihydroxyacetonephosphateacyltransferase) [Taeniopygia guttata]
contig08583	382	382	CCTTCACTCTGAGCAAAATATTTAAACAGCTTTTCCAGAGAGTTTGTGTGAATGAAGAAGGAATGCAGAGATTGCAACACGCCATTCAGGAGCATCCCGT	[G/T]	GTGCTGCTGCCCAGCCACCGAAGCTATGTAGACTTTTTGATGCTGTCTTATTTGCTATACACgTATGACTTGGCCTTGCCTGTCATTGCATCAGGAATAG	18	83%	2	0	0	6	8	ENSTGUG00000009841	1	1921	Dihydroxyacetone phosphate acyltransferase (DHAP-AT)(DAP-AT)(EC 2.3.1.42)(Glycerone-phosphate O-acyltransferase)(Acyl-CoA:dihydroxyacetonephosphateacyltransferase) [Taeniopygia guttata]
contig08583	379	379	TtGCCTTCACTCTGAGCAAAATATTTAAACAGCTTTTCCAGAGAGTTTGTGTGAATGAAGAAGGAATGCAGAGATTGCAACACGCCATTCAGGAGCATCC	[C/T]	GTGGTGCTGCTGCCCAGCCACCGAAGCTATGTAGACTTTTTGATGCTGTCTTATTTGCTATACACgTATGACTTGGCCTTGCCTGTCATTGCATCAGGAA	17	82%	2	0	0	6	8	ENSTGUG00000009841	1	1921	Dihydroxyacetone phosphate acyltransferase (DHAP-AT)(DAP-AT)(EC 2.3.1.42)(Glycerone-phosphate O-acyltransferase)(Acyl-CoA:dihydroxyacetonephosphateacyltransferase) [Taeniopygia guttata]
contig06906	510	510	CTGTTCCCCGAAATATCCTGTACAGGGTGAGCGCTGCAGACGTGGACTTGCAATGGACGTTCTCCCAGACACCCACTGAGCATGTCTTTCCTGTTCCTAA	[T/C]	GTTTCTCACAATGTGGCCTTGAGGGTCAGCGTCCAGTCCTTGCCCAGGCAGTCCAACTACCCAGTTTTGACCTGTAGTATTCACACCAACCTTAGCTTTT	13	54%	4	0	0	4	8	ENSTGUG00000006642	88	1416	Uncharacterized protein KIAA1370 [Taeniopygia guttata]
contig04863	1114	1114	GTCTTGCTGTACTTATGGCTGTAACCcTCACTGTACCTGTcGTTATTTTCCCTATCCGCAGTTCCATTACCCAGCTGCTGTGGGCAGGGAAGGAGTTCAG	[C/T]	TGGTGGCGTCACTGTTCCATTACCATCTCTCTCCTGGCATTTACCAACATGCTCGTTAtCTTCGTCCCTACtATTCGAGAcATCTTTGGATTCATTGGTG	11	64%	4	0	0	4	8	ENSTGUG00000006125	109	1512	Sodium-coupled neutral amino acid transporter 2 (Amino acid transporter A2)(System A amino acid transporter 2)(System N amino acid transporter 2)(System A transporter 1)(Solute carrier family 38 member 2)(Protein 40-9-1) [Taeniopygia guttata]
contig04701	326	326	ACAACATTGtttCTGTGGAGAGACTGAGAGAATACCTGAaGAcTCCTAAGGAGGCACCCTGGACTCTGAATGGCAAACTTCAAGGGCAAGTtTGGCCCAC	[T/C]	GAGGGAaGGATTGAATTtAGAAacTACAGCCTGTGCTACAGGCCAGGTTTGGAGTTAGCACTGAGGCGTGTCAcTGTGACCATCAAcgGgCACGAGAAGA	13	77%	3	0	0	5	8	ENSTGUG00000005678	3431	4426	Multidrug resistance-associated protein 6 (ATP-binding cassette sub-family C member 6)(Anthracycline resistance-associated protein)(Multi-specific organic anion transporter E)(MOAT-E) [Taeniopygia guttata]
contig04268	307	307	CAGGTCGAATCCATGCAAAGCGTGCTGCTGGAGGGAAACTGATTTTCTATGATCTTCGTGGTGAAGGAGTCAAGCTGCAGGTCATGGCAAATTCCAGCCT	[T/C]	TACAAATCTGAGGAAGAATATTTCCGTGTTAACAGCAAGCTGCGTCGTGGGGACATTATTGGTGTAGAGGGGAATCCTGGgAAAACAAGGAAAGGGGAAC	26	69%	4	0	0	4	8	ENSTGUG00000008400	174	1868	Lysyl-tRNA synthetase (EC 6.1.1.6)(Lysine--tRNA ligase)(LysRS) [Taeniopygia guttata]
contig03412	4248	4248	CCTCTCCAGTTACAAATGACAGAGAGGATGAGTTTGTTCCCTCAGACAGTTTAGAAAAAGATGAGTATGACTTCTCCCCAGCCAAATCAAAGCCATCTCC	[T/C]	GAAAAAaCATCTCAAGCCAAGAAAAATCAAGATTTTGGGAACATCTTCTCTTTTCCATCaTACTCTCAGAAGACGGATGATGATACAACAAAATTGGACA	15	73%	3	0	0	5	8	ENSTGUG00000003405	49	5094	DNA topoisomerase 2-beta (EC 5.99.1.3)(DNA topoisomerase II, beta isozyme) [Taeniopygia guttata]
contig03327	546	546	CATTTGAGGCTGCACCAGtgAGTGGTGGTAGTGCCAGTGTAGAAAAGTTGACGCCCCCAGCGCCCgTcGGGaTCTCGGAGTGGATTGAGCAGAAGCTGAC	[G/C]	AAGAGCGACCGGCCGGAGCTCACCAGCGCCAAAGTGGTGGTGTCAGGGGGGCGGGGCTTGAAGAGTGGTGAAAATTTTAAGTTGTTGTATGAACTTGCGG	33	48%	5	0	0	3	8	ENSTGUG00000003549	72	1059	Electron transfer flavoprotein subunit alpha, mitochondrial Precursor (Alpha-ETF) [Taeniopygia guttata]
contig02600	113	113	TCGTCCTTATTTCTGCCAACTGTGAAAaCGGGAATTTGATCTTGGAGGCCGgggACATGGAGAAGATAAGCGTGCCCGTAAAGCTCTCCAAGAAAAATCC	[C/T]	GTCCGCAACTGCAGGGTGTTTGGACAGGATATCCAAGGCAGAGACTGTGGTGATGAAGTGGCTCAGTGGATCACCACCTTCCTGAACTCAGAGCCCTGTC	22	32%	4	0	0	4	8	ENSTGUG00000002713	206	894	MOSC domain-containing protein 1, mitochondrial Precursor (EC 1.-.-.-) [Taeniopygia guttata]
contig02233	280	280	GGAGAAGCTTGAGGAAGCTATCACTATGCATTCTGCAGAGCTTTCAGAGGTGCAGATAGCCCTTAATGAAGCGAAACTGAGTGAAGAAAAGGTGAAATCT	[G/C]	AGCTTCATCATGTGCAGGAAGAGAATGCTAGACTGAAAAAGAGCAAGGAGCAGCTGCTAAAAGAAGCTGAAGGTTGGAGTGAGAGGCATTCTGAGCTCCA	19	58%	3	0	0	5	8	ENSTGUG00000002674	275	1643	Melanoma inhibitory activity protein 3 Precursor (Protein TANGO)(C219-reactive peptide)(D320) [Taeniopygia guttata]
contig01071	983	986	AATACTGTGAGCTTCCTGTGGAATGCAAAATCTGTGGTCTTACACTAGTGTCTGCACCTCACCTGGCTCGGTCTTACCATCACTTGTTTCCTTTAGATGC	[CTTC/TTTT]	CAGGAAGTTCCACTGGAAGAATACAAAGGGGAaCGgTATTGTCAAGGCTGCCAGGGAGAAATGAAAGATCAAAATGTGTACATATGCAAAGTGTGTCAGA	17	71%	4	0	0	4	8	ENSTGUG00000001554	4	1125	General transcription factor IIH subunit 2-like protein (General transcription factor IIH polypeptide 2-like protein) [Taeniopygia guttata]
contig00534	462	462	TGATGGATGTCAATGTACGAGGAACCTATCTTACGTCTAAAGCATGTCTTCCCTACTTGAGGAAGAGTAAGAACCCCCATATCCTGAACCTTAGTCCACC	[G/A]	ATGAATCTGAATCCCATGTGGTTCAAAAATCATTGTGCTTATACCATTTCTAAATATGGGATGTCCATGTGTGTCTTGGGAATGGCAGAAGAATTTAGAG	13	54%	4	0	0	4	8	ENSTGUG00000001254	1	825	Hydroxysteroid dehydrogenase-like protein 2 (EC 1.-.-.-) [Taeniopygia guttata]
contig00259	1119	1119	GATAGCAGCTTTAGAGGAAGAAGCTAAAGCAGGACTAAGAGAAACCCAACTCAGCATCTTAACGCCTGAATCTGAAAAAAaTGGCTTGTTAGAAACTTGT	[A/G]	AAACATCTACCAAGGACTCAGATGAGGATGTACCAAATTACATTAAAGTCTGGAAGAGAAAACTTGAAGAAGAATATAACGCATACGCACTAGAATTGGA	21	81%	3	0	0	5	8	ENSTGUG00000000440	334	1644	SECIS-binding protein 2 (Selenocysteine insertion sequence-binding protein 2) [Taeniopygia guttata]
contig00108	2183	2183	AAGACTGGAAAACACTGATTGATCTCTTGAAAAAAAaCCACACTGCTCTGAGCCCTAAAGACAGAGCAGATTTGATCAACAGTATCTTCAATCTTGAACG	[T/A]	CTAGGAAGAGAGTCTCTGGAAAAGGCCTTTGAGTTGATAGATTACCTCAACAAAGAGAACAGCACTGCACCACTTACTCAAGCTTtGTTtCAGCTGAGTC	18	50%	3	0	0	5	8	ENSTGUG00000000082	33	3062	Leucyl-cystinyl aminopeptidase (Cystinyl aminopeptidase)(EC 3.4.11.3)(Oxytocinase)(OTase)(Insulin-regulated membrane aminopeptidase)(Insulin-responsive aminopeptidase)(IRAP)(Placental leucine aminopeptidase)(P-LAP) [Contains Leucyl-cystinyl aminopeptidase [Taeniopygia guttata]
contig00108	2129	2129	AATGGATAAAATTTAATGTAGATATGAATGGCTATTACATAGTTGACTATGCTGAAGACTGGAAAACACTGATTGATCTCTTGAAAAAAAaCCACACTGC	[T/G]	CTGAGCCCTAAAGACAGAGCAGATTTGATCAACAGTATCTTCAATCTTGAACGTCTAGGAAGAGAGTCTCTGGAAAAGGCCTTTGAGTTGATAGATTACC	19	53%	3	0	0	5	8	ENSTGUG00000000082	33	3062	Leucyl-cystinyl aminopeptidase (Cystinyl aminopeptidase)(EC 3.4.11.3)(Oxytocinase)(OTase)(Insulin-regulated membrane aminopeptidase)(Insulin-responsive aminopeptidase)(IRAP)(Placental leucine aminopeptidase)(P-LAP) [Contains Leucyl-cystinyl aminopeptidase [Taeniopygia guttata]
contig13441	1258	1258	TCCACATAGATGAACAAAATATAAAGGATGCTGCCAGTGCCCTGATTAAAAGTCAGACTCcATcTGgCTGCTTCAAGAGtgTGGGGAAGCTCTTcAACAA	[T/C]	GGTCTGATGGGTGCAGTGGAAGAAGGCCTGGGGCTGAgCTCtGtgATTGTGATAGCTCTCATACACTCAGGGATGCCTCACACCGACCCAGTTGTGGGGA	13	85%	2	0	0	5	7	ENSTGUG00000018526	1922	4260	None
contig12911	1539	1539	AGCAAGCTTTCATGCAGAGTGGTTTGTCTCAGCCATCACCAGTGGTTCTGTCTGGCACAGCCTTACACAACTTCCCAGCAGTGCAGCACCAGGAGCTGGC	[C/T]	AAGGCACAGTCCAGCCTGGCATTCCAGCAGACCTCCAATACTCAGCCTATTCCTATCCTGTACGAGCATCAGCTTGGGCAGGCTTCAGGGCTGGGAGGCT	15	67%	3	0	0	4	7	ENSTGUG00000017290	5845	7715	BAT2 domain-containing protein 1 (HBxAg transactivated protein 2) [Taeniopygia guttata]
contig12840	439	439	AGCAGAAGATGGAAGAGTATTGGGGAATAGAGAACCTGGCAAAAGGGTTGAATATCTTCACCAACAGCTTGGAGGGGTTGGTCCTTGATCACAGGTACTA	[C/T]	GCTGGGGgATGTTCTCCCCATTACATCACAGACACCAGGTTCAGGAAGCCCTACAACGTGGAAAGCTACACACCAGAGACCAAAGGCAAATATGAATTTA	15	87%	2	0	0	5	7	ENSTGUG00000009617	15	796	Complement component C8 beta chain Precursor (Complement component 8 subunit beta) [Taeniopygia guttata]
contig12828	1143	1143	TCATCAAGGAGGCAATGAGGCTCTCCAGTGCATCCATGACTTTCCGAGTGGCCAAGGAGGATTTCACTTTGCACTTGGAGAAtgaCTTTTACAACATTCG	[T/C]	AGAGATGACATTGTAGCTCTTTATCCTCAGCTGCTGCATTTCGATCCAGAAATCTATgcTGATCCCTTGACATTCAAATACGATCGCTTCCTGAACGAGA	15	80%	1	0	0	6	7	ENSTGUG00000011128	30	1506	Cytochrome P450 7A1 (EC 1.14.13.17)(CYPVII)(Cholesterol 7-alpha-monooxygenase)(Cholesterol 7-alpha-hydroxylase) [Taeniopygia guttata]
contig12069	2975	2975	GAACGGCTTTtGGCGGCAGTAAaGTTAaGgATGTGTGTGAAGATCTCATTCGCCATGGTTATAACTACCTAGGGAAGGACTATGTAACATCTGGGATCAC	[G/A]	GGGGAGCCTTTGGAGGCATATATCTATTTTGGTCCTGTgTATTACCAGAAACTGAAGCACATGGTGTTGGATAAAATGCATGCAAGAGCTCGAGGACCCA	10	80%	2	0	0	5	7	ENSTGUG00000011035	2	3388	DNA-directed RNA polymerase III subunit RPC2 (RNA polymerase III subunit C2)(EC 2.7.7.6)(DNA-directed RNA polymerase III subunit B)(DNA-directed RNA polymerase III 127.6 kDa polypeptide)(C128) [Taeniopygia guttata]
contig11651	621	621	CAACTATGAATGATGATATTACTACCAGCTTACGTGGACTAAACAAATTAGCAAAAATCCTGAAGAAGAAAAGAATTGATAATGGAGCCTTGACACTTGC	[G/A]	TCACCAGAAGTTCGTTTCCACATGGACAGTGAAACTCATGATCCTATTGATCTGCAGACTAAGGAGCTTAAAGAGACAAATTCCATGGTTGAAGAGTTCA	14	71%	3	0	0	4	7	ENSTGUG00000012500	1294	2789	Exosome complex exonuclease RRP44 (EC 3.1.13.-)(Ribosomal RNA-processing protein 44)(Protein DIS3 homolog) [Taeniopygia guttata]
contig09567	1489	1489	TGGACAACACAAAAGACAAAAACACCAGTgTAaGAGCCTACAGTGACCAGGCTATTGTCAACCTTCTGAAGATGAGAGCGGGTGAAGAAGTGCTTGAGTC	[G/A]	gTTTCCAAGATTCTGGATGCTGCCAGCCTGGAGCTTCTCAATGAAAGCTGCAGGAGGTCCCTGCGGAAGCTGGCAGGGCAGGCTGACTCcGAGGAaCaGA	11	64%	3	0	0	4	7	ENSTGUG00000009369	6390	8219	Translational activator GCN1 (GCN1-like protein 1)(HsGCN1) [Taeniopygia guttata]
contig09536	408	408	TGGAGCACTTCTTCAGgCAGGGAATGCTGGATGTAGCTGAGGAGCTTTGtCAGGAATCTGGTCTATCAATAGATCAAAGTCAAAAAGAACCATTTGTGGA	[G/A]	TTAAATCGAATATTGGAAGCATTAAAAGTTAGAGTTTTGAGACCTGCACTAGAGTGGGCGGTATCCAACAGAGAGATGCTCATGGCACAGAACAGCTCGC	20	35%	4	0	0	3	7	ENSTGUG00000010838	208	1920	Protein RMD5 homolog A [Taeniopygia guttata]
contig08849	997	997	TTAAGATCCCAATCCTTGGGGTCCACCTGAAAGACTTGATATCCCTTTATGAGGGCATGCCAGACTACTTGGAGGACAAAAAGATTAATGTGTACAAACT	[A/G]	TATTCTCTGTATAACCACATAGATGAGCTGATACAACTCCAGGAAATGCCACTTCCCCTGGAGGCTAATATGGACCTTGTTCACTTGCTTACACTGTCCC	15	53%	3	0	0	4	7	ENSTGUG00000011737	12	2157	RAS guanyl-releasing protein 1 (Ras guanyl-releasing protein)(Calcium and DAG-regulated guanine nucleotide exchange factor II)(CalDAG-GEFII) [Taeniopygia guttata]
contig08628	4855	4855	AaGAAGAGTACAGATCACCTGTGAGGTGCATTGGAACTACCAGACTGTGGCTGGCCTTGGCATCCCTCTGCGTACTTGATCAGGATCATGTTGATAGACT	[G/C]	TCCTCAGGAAGATGGATGGGAAAGGATGGGCAACagAAACaGAtGCCAATGTGTGATAACCATGATGATGGTGAAACTGCTGCAATCATTTTATGTAATG	22	32%	2	0	0	5	7	ENSTGUG00000012556	6776	13324	Probable E3 ubiquitin-protein ligase MYCBP2 (EC 6.3.2.-)(Myc-binding protein 2)(Protein associated with Myc)(Pam/highwire/rpm-1 protein) [Taeniopygia guttata]
contig08532	663	663	GAACTTACGGGACACAAGCCTCCAAACAGCTGCAAGACCCTGACACcGACTCTAGTTCTGAATGGCCCTTTCTGTCTGAACTGCAGTGGCTGAGgaGAAG	[A/G]	AGAAGAAGAAAGAGAGCATTATCTCGTGGTGTCTTTGAAGAAATGAAATATCTGGAGCTCATGATAGTCAATGACCATAAAATGTTCAAAAGGCACcGTT	16	56%	3	0	0	4	7	ENSTGUG00000009963	107	2881	ADAM 23 Precursor (A disintegrin and metalloproteinase domain 23)(Metalloproteinase-like, disintegrin-like, and cysteine-rich protein 3)(MDC-3) [Taeniopygia guttata]
contig08425	153	153	TAAGTGATAAAGAATCAGAGACTCCAGAGAAGAAACAGtCAgAACCTTCCAGAGGAAGAAAAaGAAAAGCAGACACTCAGAGTGAAAGCAGCCAAGGAAA	[A/G]	AaTATTGGGGGACGTGGTCACAAAATTAGTGACTATTTTGAGTACCAAGGTGGAAACGGCTCGAGCCcAGTGCGAGGCGTGCCTCCTGCAATCCGCTCTC	12	58%	3	0	0	4	7	ENSTGUG00000008143	1	2034	Serine/threonine-protein kinase tousled-like 1 (EC 2.7.11.1)(Tousled-like kinase 1)(PKU-beta) [Taeniopygia guttata]
contig07161	994	994	ATGTGTTTCACCCAAATTTTCACAGAGAACCTCTAAGGTCATTGACAGACCTCAGTCAAGATGCCAACAGAATCCTGCCAGGTAAAAATGGCAGCAGCAG	[C/T]	GATGGCATTGTCTCTCACCGTACGGAAAGTATTCTGAATAGAAACCACAGAGATTCAGGCTCTCTGACCAATCTCAAGAGGGCAAATGCTGATGTAGAAA	14	50%	4	0	0	3	7	ENSTGUG00000005441	1	2193	plasticity related gene 1 [Taeniopygia guttata]
contig05052	186	186	AATATCCAAAGATACAaGAGAAAATTCAAGAAGAGATTGACCAGGTAGTAGGACGATCAAGAAAACCCTGTGTGGCTGACcGGACCCAGATGCCCTACAC	[G/A]	GATGCCGTGGTCCATGAAATCCAGCGCTTCATCACTCTTGTCCCCCTGGCTCTCCCTCACACTGTGACCAAAGACACCAGCTTCAGAGACTACATCATTC	13	85%	2	0	0	5	7	ENSTGUG00000007197	870	1464	Cytochrome P450 2C8 (EC 1.14.14.1)(CYPIIC8)(P450 form 1)(P450 MP-12/MP-20)(P450 IIC2)(S-mephenytoin 4-hydroxylase) [Taeniopygia guttata]
contig04766	938	938	GAGATCAGTTTGATGTTTGTGCCAAAACTGTAGTTAAGGATAACATGACTGTGGCCTCCAAGCTTTGGGAACTCTTCTGCCACAGCACAAACCTGACCAC	[C/T]	GAACACtGtGATGAATATTTCCTAATGAACAATGTCTCGGAGATAGCAGGAATCCCAGGAGCTGCTAGtGGCATTTTAAtAGATAACTTATGGAGCAATT	18	39%	3	0	0	4	7	ENSTGUG00000007074	112	3777	Solute carrier family 12 member 4 (Electroneutral potassium-chloride cotransporter 1)(Erythroid K-Cl cotransporter 1)(hKCC1) [Taeniopygia guttata]
contig04757	248	248	TCTCTGtGACTCCTGATGAGGAgACATATGATGAAGAAGATGCAGCCTTCtGcTtGGAGATGCTTCTGCGGATTGTTCTAGAGAATAGGGACCGTGTgAC	[C/T]	tGtgTCTGGCAAACTGTCCGAGACCACCTTTATCACCTCTGTATCCATGCAATGGAGTTCTGCTTCTTGGTGGAGAGGGCAGTGGTGGGGCTGCTGAGGC	13	69%	4	0	0	3	7	ENSTGUG00000007414	3116	4225	Golgi-specific brefeldin A-resistance guanine nucleotide exchange factor 1 (BFA-resistant GEF 1) [Taeniopygia guttata]
contig03942	214	225	GCGTCCAGGTGAGCCTGGAAAGAACGAAACAAAATCTGAAAAAaGAAAaTGTCCTTGGCCAGGATTGGATGAGGCCACAGGCTCAGGCTGTGAGGATGAC	[AATAAGGATGAC/-]	TCCCCTTGTACATCTGACAGAAGTTGTCCATCAGGCAGCAGTGCTAATGGAAGTGTTGGAAATgCAGATGAGTGTTCAAGCAGCTCTGTGGCTTCAGCAG	17	47%	2	0	0	5	7	ENSTGUG00000004203	344	1095	UPF0667 protein C1orf55 [Taeniopygia guttata]
contig03554	108	108	ACGATATTGCCGCGCTCGTTGTTGACAATGGTTCCGGTATGTGCAAGGCCGGTTTCGCCGGGGATGATGCTCCCCGTGCTGTCTTCCCATCCATCGTGGG	[T/C]	cGCCCCAGACATCAGGGTGTGATGGTTGGTATGGGTCAGAAAGACAGCTATGTTGGTGATGAAGCCCAGAGCAAAAGAGGTATCCTGACCCTGAAGTACC	15	80%	2	0	0	5	7	ENSTGUG00000004138	1	942	Beta-actin Fragment [Taeniopygia guttata]
contig02859	3757	3757	TGGGATCCCTTCAGTCAGACCAGCAAAACaCTTCTTCATCTCAGGATGGCCAGTCCAAGAGAGATGATGTGATTGTAATTGATAGTGATGATGAAGATGA	[T/C]	GATGATGAAGAAAaTGAAGGGgagCAGgAAGATtATGATGATGAGGAaGAGGAGGACGAGGAtGATGATGAAGACacagggATgggAGATGAAGGTGATG	13	54%	4	0	0	3	7	ENSTGUG00000003515	2109	6416	Nucleoprotein TPR [Taeniopygia guttata]
contig01926	234	234	TCAATTCCAGAACTGGTAGCAAATTGGGCATTTCTCCCTTGATGCTGGCAGCCATGAATGGGCACACTGCTGCTGTCAAGCTGTTACTGGACATGGGCTC	[T/C]	GATATAAATGCCCAGATCGAGACCAACAGGAATACAGCTCTGACTCTGGCCTGTTTCCAAGGAAGAAATGAGGTGGTCAGCCTGCTGCTTGATAGAAAAG	16	44%	3	0	0	4	7	ENSTGUG00000001580	3108	5535	Ankyrin repeat domain-containing protein 17 (Gene trap ankyrin repeat protein)(Serologically defined breast cancer antigen NY-BR-16) [Taeniopygia guttata]
contig01872	282	282	AATACCTGAAAGATGCTATGGATTGCAGTGATGTCATCTGGCAGAGAGGTTTATTGAGAAAAGGGTATGGGATCTGCCATGGTACTGCTGGCAATGGCTA	[C/T]	TCCTTCTTGTCTCTCTATAACCTAACTCAGGACAGAAAGTACCTCTACCGAGCTTGCAAGTTTGCTGAATGGTGTTTGGAGTATGGTGCACATGGATGTC	20	45%	4	0	0	3	7	ENSTGUG00000001810	24	861	LanC-like protein 2 (Testis-specific adriamycin sensitivity protein) [Taeniopygia guttata]
contig01312	270	270	AGAGAATTGACAAGCTTATTGATCCTGGATCTCCATTCTTGGAGTTCTCCCAGTTTGCTGGTTACCAGTTGTATGGTAATGAAGAGGTACCTGCAGGAGG	[C/A]	ATTATCACAGGCATTGGACGAGTATCTGGGACGGAATGCTTGATTGTTGCCAATGATGCAACTGTCAAAGGTGGCACCTATTATCCCATCACTGTTAAGA	22	73%	2	0	0	5	7	ENSTGUG00000001529	149	1794	Methylcrotonoyl-CoA carboxylase beta chain, mitochondrial Precursor (MCCase subunit beta)(EC 6.4.1.4)(3-methylcrotonyl-CoA:carbon dioxide ligase subunit beta)(3-methylcrotonyl-CoA carboxylase non-biotin-containing subunit)(3-methylcrotonyl-CoA carboxylase [Taeniopygia guttata]
contig01149	1232	1232	CTTCCTGCAAAAGAATGATCTAAATCCTATGTTTCTGGATCAGGTGGCCAAGTTTATTATGGACAACACTAAGGGGCAAaCACTGTTGAGTACAAGTAAT	[C/G]	AGTTTTCAGATCCATTTACAGGTGCTGGGCGTTATGTTCCAGGCTCTTCATCTGGATCGAGTACAATACCTGGGGCAGACCCATTTACAGGTGCTGGTCG	20	55%	4	0	0	3	7	ENSTGUG00000001364	165	2390	Phospholipase A-2-activating protein (PLA2P)(PLAP) [Taeniopygia guttata]
contig01137	649	649	GATGGGAATATCtGtGAGAGGAGATGTTGTtGCTGTGAACTCACtGGTAGAGCCAtCTGCAGAAAaTGAGCACCTTGACACCAGTGAATCAGATGAAGAA	[A/G]	GCCCTGAACTCCTGCAGGTGACCAGAGTAGACCGGGAGAATTTAGTGGCCAGCATTGCTTTCCCTACCCAGATCAAAGTAAATGTCTGCAAaAGAGTTAA	13	69%	3	0	0	4	7	ENSTGUG00000001831	1	1252	UPF0415 protein C7orf25 [Taeniopygia guttata]
contig01071	680	680	TATCTGTCATCGGCCTAAGTGCTGAAGTTCGAGTTTGTACAGTACTTGCCCGAGAAACTGGTGGAACATACCACGTTATTTTGGATGAAAGTCATTACAA	[G/A]	GAACTGCTGATGCACCATGTCAGTCCTCCACCTGCCAGTTCAACTTCTGAGTGTTCCCTTATTCGAATGGGTTTTCCTCAGCATACTATTGCTTCTCTGT	22	50%	3	0	0	4	7	ENSTGUG00000001554	4	1125	General transcription factor IIH subunit 2-like protein (General transcription factor IIH polypeptide 2-like protein) [Taeniopygia guttata]
contig00881	225	225	AGCGACAGCAAAATAGTGgtAGAATCAGCCCAATGGGAACAACCAGTGGTTCAAACAGTCCTACCTCAGACTCTGCATCTGCACAGAGAGCAGACACTAG	[T/C]	TTAAACAACTGTGAAGGTGCTGCTGGCAGCACATCTGAAAAAACAaGAAACGTGCCTGTTGCCGCTTTGCCTGTAACACAGCAAATGACAGAAATGAGCA	12	75%	3	0	0	4	7	ENSTGUG00000000824	173	1093	AN1-type zinc finger protein 5 (Zinc finger A20 domain-containing protein 2)(Zinc finger protein 216) [Taeniopygia guttata]
contig00746	4771	4771	CTTCTCAAGCATCTGCTCAAAAAATGCCTCCTCCTGTAGCCAGAAAGCCCAGCCAGTTGCCAGTTTACAAACTTTTGCCTTCACAAAGCAGATTGCAATC	[A/T]	CAAAAGCATGTGACTTTTACACCAGGAGATGATATGCCACGGGTATATTGTGTTGAGGGTACACCAATAAATTTTTCAACAGCTACATCTCTGAGTGACC	15	87%	2	0	0	5	7	ENSTGUG00000001015	130	8515	Adenomatous polyposis coli protein (Protein APC)(Deleted in polyposis 2.5) [Taeniopygia guttata]
contig00746	4729	4729	TTTCTGCAATGCCAACAAAGTCTTCACGTAAAGCCAAAAAGCCTTCTCAAGCATCTGCTCAAAAAATGCCTCCTCCTGTAGCCAGAAAGCCCAGCCAGTT	[G/A]	CCAGTTTACAAACTTTTGCCTTCACAAAGCAGATTGCAATCACAAAAGCATGTGACTTTTACACCAGGAGATGATATGCCACGGGTATATTGTGTTGAGG	15	87%	2	0	0	5	7	ENSTGUG00000001015	130	8515	Adenomatous polyposis coli protein (Protein APC)(Deleted in polyposis 2.5) [Taeniopygia guttata]
contig00746	4696	4696	ATGATGATATTGAAATACTGGAAGCGTGTATTATTTCTGCAATGCCAACAAAGTCTTCACGTAAAGCCAAAAAGCCTTCTCAAGCATCTGCTCAAAAAAT	[G/A]	CCTCCTCCTGTAGCCAGAAAGCCCAGCCAGTTGCCAGTTTACAAACTTTTGCCTTCACAAAGCAGATTGCAATCACAAAAGCATGTGACTTTTACACCAG	16	87%	2	0	0	5	7	ENSTGUG00000001015	130	8515	Adenomatous polyposis coli protein (Protein APC)(Deleted in polyposis 2.5) [Taeniopygia guttata]
contig00300	424	424	TTGAAACAAAGTTGGCGATCATTCCAGGtGCAGGGGGgACACAAAGATTACCTCGCACAATTGGAGTGTCATTGGCAAAAGAACTAATCTTCTCTGCACG	[T/C]	GTTGTAGATGGTGAGGAAGCAAAATCAATAGGATTGATCAGCCATGTGGTAGAACAGAATGAAGCAGGGGATGCTGCATACAGAAGAGCATTAGCTCTGG	20	70%	3	0	0	4	7	ENSTGUG00000000418	39	759	Methylglutaconyl-CoA hydratase, mitochondrial Precursor (EC 4.2.1.18)(AU-specific RNA-binding enoyl-CoA hydratase)(AU-binding protein/enoyl-CoA hydratase) [Taeniopygia guttata]
contig00015	455	455	CGCCtaCTTCATCATCACCATCCTCCTCCTCGCAGAGCTCTCCACTGAGCTGTTCTGTCCAAGCCAGCGAGAACAATCCAATTTATtCAGCTGCACCAAC	[G/A]	TTTCCCAATTCCAGCTCTGACATTTTTCCTGAATCCCAGACCCAGTCTTTCCCCAACCCCTCTGGAGCCCCCATCCAGTATCCACCTCCAGCTTATCCGA	18	83%	2	0	0	5	7	ENSTGUG00000000003	89	1508	Early growth response protein 1 (EGR-1)(Protein Krox-24)(Transcription factor Zif268)(Nerve growth factor-induced protein A)(NGFI-A)(Transcription factor ETR103)(Zinc finger protein 225)(AT225) [Taeniopygia guttata]
contig13120	998	998	TGGAGGAACTACGTCAGGATCTTGAGGAAGTAACAACACAGAATGAAAAGCTCAAGGTGGAGCTGCGACGGGCAGTGGAAGAGGCTGTGAAGGAGACCCC	[A/G]	gAATATCGCTGCATGCAGTCCCAGTTTTCTGTTTTGTATAACGAGAGTCTCCAGCTGAAGGCACACCTTGACGAGGCCCGCACACTGCTCCACGGCACCC	9	78%	2	0	0	4	6	ENSTGUG00000017517	38	2448	E3 ubiquitin-protein ligase BRE1A (BRE1-A)(hBRE1)(EC 6.3.2.-)(RING finger protein 20) [Taeniopygia guttata]
contig12911	1578	1578	CAGTGGTTCTGTCTGGCACAGCCTTACACAACTTCCCAGCAGTGCAGCACCAGGAGCTGGCCAAGGCACAGTCCAGCCTGGCATTCCAGCAGACCTCCAA	[T/C]	ACTCAGCCTATTCCTATCCTGTACGAGCATCAGCTTGGGCAGGCTTCAGGGCTGGGAGGCTCTCAGCTGATTGACACACACATCCTGCAGGCCAGAGCTA	12	67%	3	0	0	3	6	ENSTGUG00000017290	5845	7715	BAT2 domain-containing protein 1 (HBxAg transactivated protein 2) [Taeniopygia guttata]
contig12664	510	510	CACCAACAAAATGATGGGGACTGGAATTCtGCTTTCTGAGGATGACACAGTCTATGAGGGAGAATTTTCAGaTAACTGGACtCTgAGtGGAAAGGGAaCA	[C/T]	TGACCTTgCCAAATGGAGATTACATTGAAGGTCTCTTCAGTGGAGAGTGGGGATCTGGAATAAAAATCACAGGAACCTAcTTcAAACCTAGTTtGTATGA	17	82%	3	0	0	3	6	ENSTGUG00000010168	3176	5003	Alsin (Amyotrophic lateral sclerosis protein 2)(Amyotrophic lateral sclerosis 2 chromosomal region candidate gene 6 protein) [Taeniopygia guttata]
contig12625	1104	1104	CAGCCGAGGAGCTGGAGGACTGGATAGAGGATGTGCTTTCCGGGAAGATAAATACCGAAGATGATGATGATGATGAAGATGACGACGATGATGAcGACGA	[T/C]	GAtGaTGATGACGacGACGAtgacgacgacgacgatgacgatgatga	12	92%	1	0	0	5	6	ENSTGUG00000013390	58	1208	Calsequestrin-2 Precursor (Calsequestrin, cardiac muscle isoform) [Taeniopygia guttata]
contig11439	282	282	CgCGAGATGTCACTCCAGAGGCCACTAAAGAaGTAaTAGAGCGaGAAGCCCCGGGGATGGCCCTGgCAATGCTGATGGGATCACTTAATGTTACACCTCT	[A/G]	ggcATGCTCTCTAGGCCTGTGTGTGGAATCAGAGGGAAAACTCTCATTATTAATCTTCCAGGTAGCAAGAAAGGGTCACAGGAATGCTTTCAGTTTATAC	12	83%	1	0	0	5	6	ENSTGUG00000011577	31	2145	Gephyrin [Taeniopygia guttata]
contig10716	351	351	TTTCTATGATGTTTTACAAAAGTACAACGATCTCTATGTATCTGGTGTCTAAATTAGTAGAGACTATATACTTCAAAGGCATTGAAGCAGGGAAGGTTCC	[G/C]	TATTTCCCTCATGCAGACAGCATCATCTATGCCATTTCTACATCAATATGCTTTCAGGCAGCTGTCATGGAAGTTCAGAACCTGAGACCTTCATACTGGA	17	59%	3	0	0	3	6	ENSTGUG00000012910	733	1344	Transmembrane protein 135 [Taeniopygia guttata]
contig10387	775	775	ACTCCCTcAGTAAGaGCTTCCTCAAAATTGAGCCAAAGCCTGAGACATTAAGTTGtGGCTCCTCAGCAGAGGTCCAGGTGCACTATATCTTCACACCAGA	[G/A]	GCCATAGGGGACCAGAAGAAAATTGTCATTTATTATTTGGTGATGGCCAAGGGACAAATTGTATTAGCTGACACCTATGATCTGAATGTGAATCCTGGAG	9	78%	2	0	0	4	6	ENSTGUG00000013071	781	2393	Alpha-2-macroglobulin Precursor (Alpha-2-M)(C3 and PZP-like alpha-2-macroglobulin domain-containing protein 5) [Taeniopygia guttata]
contig10387	652	652	CTACCAGCTTCACAGAACTCTCCCTGGAAATCCGAGCAGagCATAAACCTGAGCTGAaCTGTTATGACAGTGACTGGATGACACCGTCCTATGAGCaTAg	[T/G]	ACGCGCAGAGTAaCTCGCTCTTACTCCCTcAGTAAGaGCTTCCTCAAAATTGAGCCAAAGCCTGAGACATTAAGTTGtGGCTCCTCAGCAGAGGTCCAGG	11	82%	2	0	0	4	6	ENSTGUG00000013071	781	2393	Alpha-2-macroglobulin Precursor (Alpha-2-M)(C3 and PZP-like alpha-2-macroglobulin domain-containing protein 5) [Taeniopygia guttata]
contig09727	346	346	atccccaatcgaggtggtcaaacaccacgctgccgtgcgTTCcTACGtCATGCTGTCcCTGgtcTACCTGCCCGGGGTGCTGgCAGCCTGcTcactcAGc	[-/C]	tACTACGGCACCAAGTACAGGCGTTTCCCAGACTGGCTGGACCAGTGGCTgCAGCACCGGAAGCAGATTGGTCTCCTCAGCTTCTTCTGTGCAGCCCTGC	9	89%	1	0	0	5	6	ENSTGUG00000011567	411	1380	Metalloreductase STEAP3 (EC 1.16.1.-)(Six-transmembrane epithelial antigen of prostate 3)(Tumor suppressor-activated pathway protein 6)(hTSAP6)(pHyde)(hpHyde)(Dudulin-2) [Taeniopygia guttata]
contig09556	3091	3091	AGTATCCTATTCACAGTACACCAATCAATTGTCATGACCATGAACGCAACCATAAAGTGCCTCCTCCGATAAAACCGAAACCACTtGTTCcAAGAACAAA	[C/T]	GTAAAAAAaCTGGATCCTAACCTCCTGAAAACAATTGAGGCAGGTATTGGCAAAAACCCCAGGAAACAGCCTTCTCGAGTGCCTGCAGTGCCACCAGAAG	13	54%	2	0	0	4	6	ENSTGUG00000011900	57	4486	Rho GTPase-activating protein 5 (Rho-type GTPase-activating protein 5)(p190-B) [Taeniopygia guttata]
contig09086	369	369	TAGTGGCATTGAAAATAATAAGGAATAAGAAAAGATTTCACAGCCAGGCTTTGGTAGAAGTGAAGATCCTTGATGCTCTGCTGAAGAAAGACAAAGATGA	[T/C]	ACTCACAATATCATCCACATGAAGGAATATTTCTACTTTCGCAATCACTTCTGTATCTCCTTTGAACTGCTAGGAATAAATTTGTATGAGCTGATCAAAA	14	57%	3	0	0	3	6	ENSTGUG00000012251	1	1539	Dual specificity tyrosine-phosphorylation-regulated kinase 4 (EC 2.7.12.1) [Taeniopygia guttata]
contig08532	657	657	TCCAAAGAACTTACGGGACACAAGCCTCCAAACAGCTGCAAGACCCTGACACcGACTCTAGTTCTGAATGGCCCTTTCTGTCTGAACTGCAGTGGCTGAG	[G/A]	aGAAGaAGAAGAAGAAAGAGAGCATTATCTCGTGGTGTCTTTGAAGAAATGAAATATCTGGAGCTCATGATAGTCAATGACCATAAAATGTTCAAAAGGC	15	53%	3	0	0	3	6	ENSTGUG00000009963	107	2881	ADAM 23 Precursor (A disintegrin and metalloproteinase domain 23)(Metalloproteinase-like, disintegrin-like, and cysteine-rich protein 3)(MDC-3) [Taeniopygia guttata]
contig07596	983	983	CTTGCAACTGGtAACCTGAGGTCTAAAaCAGGGCTGGGCATGTTGCAGGCCAGTGGTCTGTGTGTgTGGGGGaCAAGCTGAATTtCATCCGCTACctCTC	[T/G]	CACTTCCGCtGCATACACagAGGGGCAGCGTTTTCCCAGATGaGAACCACGACTGTCCGCAAGCTGCTGCCcGAATCCTGGGGCTTCCTGTGCCCTGTGG	12	83%	1	0	0	5	6	ENSTGUG00000005237	121	2565	DNA-directed RNA polymerase I subunit RPA2 (RNA polymerase I subunit 2)(EC 2.7.7.6)(DNA-directed RNA polymerase I 135 kDa polypeptide)(RPA135) [Taeniopygia guttata]
contig06998	347	347	TTTGCAGATCAGCAACACTGGCCGGCTGGGGAGAGCTCTATGGGCGCACTGGCTACAACTACATCTTCTCTGGAGGTTCTGATGATGCTTGGGCAGACGC	[A/T]	GAaGACATTTCCGAGgAAGACTCTGCACTtAGAAATGCAGACTCCCAGCTGTTTGACAAGGTCAGAGGGCATGACATCAAGCTGCTTCGATACCTGTCTG	11	82%	2	0	0	4	6	ENSTGUG00000008521	47	1701	Myotubularin-related protein 14 (EC 3.1.3.-)(HCV NS5A-transactivated protein 4 splice variant A-binding protein 1)(NS5ATP4ABP1)(hJumpy) [Taeniopygia guttata]
contig06453	173	173	ACTTTGCAAGCcGGGCAGTCCTGGAGGCCCTGGGATCCTGCATGAACAACAAATACTCTGAGGGCTACCCAGGACAGAGGTACTACGGCGGGACAGAGTT	[T/C]	GTGGATGAGCTGGAGAGGCTGTGCCAGAAGCGAGCCCTGCAGGCTTACCGGCTCGACCCCCaGAAGTGGGGAGTCAATGTCCAGCCCtACTCAGGGTCAC	9	78%	2	0	0	4	6	ENSTGUG00000007082	87	1281	Serine hydroxymethyltransferase, cytosolic (SHMT)(Serine methylase)(EC 2.1.2.1)(Glycine hydroxymethyltransferase) [Taeniopygia guttata]
contig06453	161	161	TTGCATCGGAGAACTTTGCAAGCcGGGCAGTCCTGGAGGCCCTGGGATCCTGCATGAACAACAAATACTCTGAGGGCTACCCAGGACAGAGGTACTACGG	[C/T]	GGGACAGAGTTTGTGGATGAGCTGGAGAGGCTGTGCCAGAAGCGAGCCCTGCAGGCTTACCGGCTCGACCCCCaGAAGTGGGGAGTCAATGTCCAGCCCt	9	78%	2	0	0	4	6	ENSTGUG00000007082	87	1281	Serine hydroxymethyltransferase, cytosolic (SHMT)(Serine methylase)(EC 2.1.2.1)(Glycine hydroxymethyltransferase) [Taeniopygia guttata]
contig06085	1092	1092	ACGATGTTGGCAGACATATAGTGGGGAAGCCAGTTCAtACAGGATCTGAATCTCCAAACTCcTTTCTGGACCAAGAATATCGGAAACGCTTCAATGTGGt	[G/T]	gAAGAAGATGCAGTTTTGTACTGCTATGAGTATGAGAAAGGAAGAACAAGTGGTCCTGGAAGGAGAGAGAGCGCACCGACATATGGGAAGCTGAGGCCTA	10	70%	2	0	0	4	6	ENSTGUG00000007450	62	2090	Connector enhancer of kinase suppressor of ras 2 (Connector enhancer of KSR2)(CNK2) [Taeniopygia guttata]
contig05313	978	978	ATCTTACTAAGCTGATACCTGTGCTGGTAAATGGTATGAAATACTCAGAGATTGATATTATTCTTTTGAAGGGGGATGTTGAAGAAGATGAAGCTATTCC	[T/C]	GATAGTGAGCAGGATATAAGGCCtCGTTTCCATCGTTCGAAGACGGTGGCTCAGCAACATGAAGAAGATGGTATTGAAGATGATGACGATGATGATGATG	15	60%	3	0	0	3	6	ENSTGUG00000005729	1	1158	Transportin-1 (Importin beta-2)(Karyopherin beta-2)(M9 region interaction protein)(MIP) [Taeniopygia guttata]
contig05313	864	864	TTGAGTACATGCTTCAAAGGACCCAGGACCAAGATGAAAATGTGGCTCTGGAGGCATGTGAATTTTGGCTGACTTTGGCTGAACAGCCAATTTGTAAAGA	[A/G]	gTATTATGTCGGCATCTTACTAAGCTGATACCTGTGCTGGTAAATGGTATGAAATACTCAGAGATTGATATTATTCTTTTGAAGGGGGATGTTGAAGAAG	14	57%	3	0	0	3	6	ENSTGUG00000005729	1	1158	Transportin-1 (Importin beta-2)(Karyopherin beta-2)(M9 region interaction protein)(MIP) [Taeniopygia guttata]
contig05165	623	623	TTCTTGACTTGCAGGAAAGGCTTGAGAAGGCACAAGAAGAGAACAGAAACGTTGCTGTTGAAAAGCAAAATCTGGAGCGCAAAATGATGGATGAGATCAA	[T/C]	GATGCAAAACGTGAAGCTCATCGCCTCAGGGAATTGAGAGAGGGAGCTGAATGTGAGCTCAGCAGGCTCAAATATGCAGAGGAAGAGTTAGTACAGGTTC	10	80%	2	0	0	4	6	ENSTGUG00000009177	113	1985	Stromal interaction molecule 2 Precursor [Taeniopygia guttata]
contig05001	1161	1161	ATCGGAAGctGTTTgAAGACATTGTTCGTATAATGGACAGGATGGAGAATGACTTTcTTCCTTCACTGGAGCTGAGCAGGAGAGAGTTTGAGTTTGAGAA	[C/T]	GTGAAATTCcGtCAGCTGCAGAAACAGAAGTTCCAGATTACCAATAATGGGCAGGTCACCTGTCACTTCTCCTTCATCCCAAAGCTCAATGACAGaCACT	7	43%	3	0	0	3	6	ENSTGUG00000004995	569	2625	Inositol polyphosphate 5-phosphatase OCRL-1 (EC 3.1.3.36)(Lowe oculocerebrorenal syndrome protein) [Taeniopygia guttata]
contig04146	29	30	TAGCTGTGCTTCCTGCCCGCTGCtACTCtcACGGGTCACAaGAGTCtGaTGAAGAATTCGATGCTCGCTGGGTGACATACTTCAACAAGCCAGATATCGA	[TC/AGTT]	ACGGGTCACAaGAGTCtGaTGAAGAATTCGATGCTCGCTGGGTGACATACTTCAACAAGCCAGATATCGAcGCCTGGGAGCTCAGGAAAGGCATCAACAC	17	88%	2	0	0	4	6	ENSTGUG00000003898	1	529	Putative cytochrome c oxidase subunit Va variant 1 [Taeniopygia guttata]
contig04146	24	24	TAGCTGTGCTTCCTGCCCGCTGCtACTCtcACGGGTCACAaGAGTCtGaTGAAGAATTCGATGCTCGCTGGGTGACATACTTCAACAAGCCAGATATCGA	[T/-]	ACTCtcACGGGTCACAaGAGTCtGaTGAAGAATTCGATGCTCGCTGGGTGACATACTTCAACAAGCCAGATATCGAcGCCTGGGAGCTCAGGAAAGGCAT	17	88%	2	0	0	4	6	ENSTGUG00000003898	1	529	Putative cytochrome c oxidase subunit Va variant 1 [Taeniopygia guttata]
contig03935	548	548	TCTtAGATGATTTGAGTAAAAaGCTAAAGCCATTGgTTGAGGAAGAAAGACAaTTCATTCTAGATCTGAAGAAGAAGGAATGTAAAGAAAGAAACTTTGA	[C/T]	TATGATGGAAGAATCAATGCATGGGATCTTCATTATTATATGAGCAAAACTGAAGAGCTGAAGTACTCCATAGATCAGGAAAGACTGAAGGAATACTTCC	12	83%	1	0	0	5	6	ENSTGUG00000002870	208	1803	Neurolysin, mitochondrial Precursor (EC 3.4.24.16)(Neurotensin endopeptidase)(Mitochondrial oligopeptidase M)(Microsomal endopeptidase)(MEP)(Angiotensin-binding protein) [Taeniopygia guttata]
contig03765	664	664	TAGAAGTCAAAGAAGATGATGGAAAAGGAAaTTTTAGCCCTGTGCCGAAGGATAGAGATAAATTGTACTTCAAGCTTAAACAGGGAATTGAGAAGAAGGT	[T/G]	gTGATTACAGTTCAGCAACTTTCAAACAAAGAACTGGCCATTGAAAGGTGCTTTGGGATGTTGCTAAGCCCTGGACGAAATGTGAAGAACAGTGACATGC	13	69%	2	0	0	4	6	ENSTGUG00000003293	273	3036	RAB GTPase-activating protein 1-like [Taeniopygia guttata]
contig02979	872	872	AGAAGGCTTTGCTGTGTTATGAAGGCATTCATGGCAGACCGGTTACCAAAAATGAGCGGCAGGTGATGAAGCCGTTGTATGACAGGTATCGCTTGGTCAA	[A/G]	CAGATCCTCTCCAGAGCCAACACCATCCCTATTATTGGTTCCCCCTCcAGCAAGCGGAGAAGCCCTTTGCTGCAGCCAATTATCGAGGGCGAAACAGCTT	30	73%	2	0	0	4	6	ENSTGUG00000003051	1241	2658	Protein FAM13A1 [Taeniopygia guttata]
contig02882	566	566	AGAATTCTAACAAAAGTCTGTCTGCGGAGCTAAAAGAaGTAAAAAaGGaCCTTGGCCAACTGCAAGAAAaTTTGAAGACCTCAGATGATAAGAAATTGCa	[G/A]	TTCGAGGGTCAGCTGAATAAGACAATCAAAAaTTTAGCTACTGTTATGGATGAAATACAGAGTGTTCTCAAaCaGGACATTGTGAAGAACGAaGATAAaG	9	78%	2	0	0	4	6	ENSTGUG00000003765	2743	3955	Cell division cycle and apoptosis regulator protein 1 (Cell cycle and apoptosis regulatory protein 1)(CARP-1)(Death inducer with SAP domain) [Taeniopygia guttata]
contig02807	1628	1628	CCTTGAATACAGAAGGATCACTAAACCTTTTAGGCCTGGAGACAGTCAGATTAATATATTTCAAAAACAAAATGGCAGAGGGGGAcGAGCTGGTGGTGCc	[T/C]	GAGACGTCCGACAACAGCCGGAAGCAGATGGTGCGGAACATCAACAACAAGCGGCGCTACTCCTTCCGCGTGCCCGAGGAGGAGAGGATGCAGCAGAGGA	8	62%	3	0	0	3	6	ENSTGUG00000004365	2939	4959	Serine/threonine-protein kinase MRCK alpha (EC 2.7.11.1)(Myotonic dystrophy kinase-related CDC42-binding kinase alpha)(Myotonic dystrophy protein kinase-like alpha)(MRCK alpha)(CDC42-binding protein kinase alpha)(DMPK-like alpha) [Taeniopygia guttata]
contig02710	94	94	CATGGCCCGCGGCCCCAAGAAGCATCTGAAGCGCGTGGCTGCACCCAAGCACTGGATGCTGGACAAGCTGACGGGCGTCTTCGCACCCCGCCCGTCAACG	[G/A]	TCAACGGGCCCACACAAACTGAGGGAGTGCCTTCCCCTTATCAtCTTCCTGCGCAACCGGCTGAAGTACGCTCTGACGGGAGATGAGGTCAAGAAGATCT	12	83%	2	0	0	4	6	ENSTGUG00000004785	10	821	40S ribosomal protein S4, Y isoform 1 [Taeniopygia guttata]
contig02438	753	753	TTCTGTCTATGCTGGAAGAAGAAGTGTACAGCCAGAATTCTCCcATTTGGGATCAGGATTTCATGGTGTCCAGTTCCAGAACTGGCCAGCTGGGAATCCA	[A/G]	ACAGTTATCAGTCCACCTCCTGTTGCAAGATCTgTTGCATACAGTGCAAGTCCTTCATCTCTGGAGCAATCCAACACTGGGAATATGAGTCCAGCTTGTA	12	75%	2	0	0	4	6	ENSTGUG00000003246	89	2817	Histone acetyltransferase PCAF (Histone acetylase PCAF)(EC 2.3.1.48)(P300/CBP-associated factor)(P/CAF) [Taeniopygia guttata]
contig02211	1359	1359	AGAGCcTCAAgCTGAAGCTGCAaGAGGCTTTGGATGAAGTGGAAAaaaGCAACAGCAACTGGAAAATCCAACTGGAAAGCAAAAGCAGTCAGCACCTTCT	[C/T]	GAGCTCCAGGATGTGAAGGACAAGTGTCGAGATGCTGAGCTGAGGGTGCATGAACTGGAGAAACTTCATGGTGAATACACAGACCAGACACAAGCAATAG	14	57%	3	0	0	3	6	ENSTGUG00000003825	771	2520	CAP-Gly domain-containing linker protein 2 (Cytoplasmic linker protein 2)(Cytoplasmic linker protein 115)(CLIP-115)(Williams-Beuren syndrome chromosomal region 4 protein) [Taeniopygia guttata]
contig01485	1026	1026	CGTATGaGGAACAGGATTtGGTgTGGAAATTCAGATATTACCTTACTCAtcAGGAgAAGGCCTTGACAAAGTTCCTGAAGTgCGTCAaCTGGGATCTACC	[A/G]	CAAGAGGCAAAGCAAGCACTGGAGCTGCTGGGTAAATGGAAGCCCATGGATGTGGAAGACTCACTGGAGCTTCTGTCATCTCACTTCACcAACCCAACGG	14	71%	3	0	0	3	6	ENSTGUG00000001626	1	2571	Phosphatidylinositol 3-kinase catalytic subunit type 3 (PtdIns-3-kinase type 3)(PI3-kinase type 3)(PI3K type 3)(EC 2.7.1.137)(Phosphoinositide-3-kinase class 3)(Phosphatidylinositol 3-kinase p100 subunit) [Taeniopygia guttata]
contig01251	261	261	agaGCTGCaaaTGACAGtgAaCCcATTAAAGTTACATTACCtGATGgCAAGCAGGTTGATGCCGAATCTTGGAAGACTACTCCTTATGAAATTGCATGTG	[G/C]	AATTAGTCAGGGATTAGCTGACAACACGGTTGTTGCCAAAGTGAACAAGGTGGTTtGGGATCTAGACCGTCCTTTGGAGGGGGATTGTTCCTTGGAGCTG	10	80%	2	0	0	4	6	ENSTGUG00000001925	9	2118	Threonyl-tRNA synthetase, cytoplasmic (EC 6.1.1.3)(Threonine--tRNA ligase)(ThrRS) [Taeniopygia guttata]
contig00746	7472	7472	GTGGTTGGCGAAAATTAGCCCCTAATCAGAGCCCTACTACAGAATATGATGGGAgACCAGCAAAGCGTCATGACATAGCTCGTTCCCATTCTGAGAGTCC	[G/A]	TCTAGGCTGTTGATCAACaGATCAGGAACgTGGAAgCGtGAGCACaGTAAGCATtCctcATcACttccTCaGTTaGCACTTGGCGGAGAACTGGAAGTTC	11	82%	2	0	0	4	6	ENSTGUG00000001015	130	8515	Adenomatous polyposis coli protein (Protein APC)(Deleted in polyposis 2.5) [Taeniopygia guttata]
contig00746	7229	7229	CATCCACAAAGTCTAGTGGAAGTGAATCTGACAGATCTGAGAGACCTGTTCTCGTTCGTCAGTCAACTTTTATTAAAGAGGCTCCGAGCCCAACTCTGCG	[G/A]	CGGAAATTAGAAGAGTCAGCTTCATTTGAATCGCTGTCGCCTTCCAGGCCAGATTCTCCCACAAGGtCCCAACTACAGACCCCAGTTTTAAGTCCTTCTC	13	62%	3	0	0	3	6	ENSTGUG00000001015	130	8515	Adenomatous polyposis coli protein (Protein APC)(Deleted in polyposis 2.5) [Taeniopygia guttata]
contig00534	234	234	AGGCCCATCCTACTCTTCCAGGGACTATCTACACTGCTGCAGAAGAAATTGAAGCAGCTGGAGGAAAGGCTTTGCCATGCATTGTTAATGTGAGAGAAGA	[A/G]	CAGCAAATCATTAATGCCGTGGAGAAAGCTGTGAAGACTTTTGGAGGGATTGATATTTTGGTGAATAATGCAAGCGCCATCTCTTTGACGGGCACTTTGG	13	54%	2	0	0	4	6	ENSTGUG00000001254	1	825	Hydroxysteroid dehydrogenase-like protein 2 (EC 1.-.-.-) [Taeniopygia guttata]
contig06599	285	285	CCTTGGAGGAGGAGGAAGAGAAGAATGGCAGGGAAGAACTTGTGGAAAAGAAAGTTtGTAAaGgATCAGTGGGCATTCTTGGCCTGAAGGGTTATGTGGC	[G/A]	gAGAGGAAAGGTGAGAGAGAAGACATGCAGGATGCACACGTCATCTTAAACGACATCACCGAGGAGTGCCGGCCTCTGCCCTCCCAAATCACACGTGTCT	14	64%	0	3	3	0	6	ENSTGUG00000006550	101	1112	Integrin-linked kinase-associated serine/threonine phosphatase 2C (ILKAP)(EC 3.1.3.16) [Taeniopygia guttata]
contig01693	213	213	CTAAGTTGAAACTCTATGCCCTGTTTAAACAGGCTACTGAAGGTCCCTGCAATGCTCCAAAACCAGGTATGCTGGACTTCGTCAAGAAAGCCAAGTGGGA	[C/T]	GCATGGAACTCTCTTGGCAATTTGTCTCAGGATGATGCTAGACAGAAATATGCTGAACTTGTCTCAAGTCTAGTCTCTGCAGAATCTGCTAGCCAGAAGG	18	44%	0	1	5	0	6	ENSTGUG00000002230	22	1070	Peroxisomal 3,2-trans-enoyl-CoA isomerase (EC 5.3.3.8)(Dodecenoyl-CoA isomerase)(Delta(3),delta(2)-enoyl-CoA isomerase)(D3,D2-enoyl-CoA isomerase)(DBI-related protein 1)(DRS-1)(Hepatocellular carcinoma-associated antigen 88)(Renal carcinoma antigen NY-REN [Taeniopygia guttata]
contig13139	428	428	CAGATGACCCTTGCTCGTCGGTGAAGCGCGGGAACATGGTGAGGGCAGCaCGCGCCCTGCTCTCCGCcGTcACCcGCCTGCTCATCCTGGCTGACATGGC	[C/T]	GACGTCTACAAGCTGCTTGTtCAGCTCAAAGTTGTGGAAGATGGTATCCTGAAACTAaGAAATGCTGGCACAGAGCAGGACTTGGGtATCCAGTATAAAG	9	89%	1	0	0	4	5	ENSTGUG00000014808	7	2688	Catenin alpha-1 (Cadherin-associated protein)(Alpha E-catenin)(NY-REN-13 antigen) [Taeniopygia guttata]
contig13139	395	395	GTGACCTGATGAAGAGTGCTTCGGGGGAGTTTGCAGATGACCCTTGCTCGTCGGTGAAGCGCGGGAACATGGTGAGGGCAGCaCGCGCCCTGCTCTCCGC	[C/T]	GTcACCcGCCTGCTCATCCTGGCTGACATGGCcGACGTCTACAAGCTGCTTGTtCAGCTCAAAGTTGTGGAAGATGGTATCCTGAAACTAaGAAATGCTG	9	89%	1	0	0	4	5	ENSTGUG00000014808	7	2688	Catenin alpha-1 (Cadherin-associated protein)(Alpha E-catenin)(NY-REN-13 antigen) [Taeniopygia guttata]
contig13026	1194	1194	GGGAGACCCTGGTGCAGGACAACATCCAGTGGCCAACAGGCCTGGCCGTGGACTACCACAACGAGAGGCTGTACTGGGCCGACGCCAAGCTCTCCGTCAT	[T/C]	GGCAGCATCCGGCTCAACGGCACCGACCCCGTGGTGGCCATCGACAACAAGAAGGGgCTGAGCCACCCGTTCAGCATCGACAtCTTTGAGGACTACATCT	8	87%	1	0	0	4	5	ENSTGUG00000015747	10501	11951	similar to alpha-2-macroglobulin receptor [Taeniopygia guttata]
contig12880	857	857	TGCCAACATCCTTGCAGTGTCTGGAGGAGACAACAAAGTGACACTGTGGAAGGAGTCGGTGGACGGGCTGTGGGCGTGCATCAGCGACGTGAACAaGGgc	[A/CAAG]	gagggtgtctgctgtgacagaagggcagcagaacgagcag	10	100%	0	0	0	5	5	ENSTGUG00000010453	60	960	Protein SEC13 homolog (SEC13-related protein)(SEC13-like protein 1) [Taeniopygia guttata]
contig12276	1361	1361	AAaGAAAACCACGTGTACACCAAGGCCCTGCTGGCATACGCCTTTGCCCTGGCAGGGAACAaGGAGAaGcGGAAGGCATTgCTtgACTCACTTGAAAAGG	[A/C]	AGCTGTGAGAAAGGaTGGCTCTGTtCACTGGCAGCGGCCTGGGAAGgaGCCcAaGGCcGATCTCCCGTTCCATCGCTACCGAGCTCCCTCTGCaGAAGTG	12	67%	2	0	0	3	5	ENSTGUG00000013087	2152	4410	Alpha-2-macroglobulin Precursor (Alpha-2-M)(C3 and PZP-like alpha-2-macroglobulin domain-containing protein 5) [Taeniopygia guttata]
contig12192	2835	2835	ACCTGAGCAGCAAAGAaTTCCAGAAaGCAGACAGCACAGAGTTCAAAGAGcTGCAGAACAGGCTTCGGAAGGTCAAcTTGCACTgggagaaagcaaacTC	[A/-]	GtgcACTGGACAACTGGAGGAAGaGTTtgCAgCAAGCCTtACTGCAcTGCCAGGATTTCCAcGACCAGAGCCAAAAGCTAAtCCTGtGgTTGGCAAGTGC	10	90%	1	0	0	4	5	ENSTGUG00000012947	4429	7730	Nesprin-2 (Nuclear envelope spectrin repeat protein 2)(Synaptic nuclear envelope protein 2)(Syne-2)(Nucleus and actin connecting element protein)(Protein NUANCE) [Taeniopygia guttata]
contig12102	3025	3025	TTTATCCAcTCATCAATCGAAGACGATTCCAGCAAATGGATGtACTTGAAGGGCTGAATGTCTTGGTGACAAtttctggtaagaagaacaAGTTGCGAGt	[-/TA]	CtATTTGTCgTGGTtAAGAAaTAAAATCCTTCACAATGATCCTGAAGTAGAAAAGAAgCAGGGCTGGACAACGGTGGGCGACTTGGAAGGCTGTGtgCAC	11	100%	0	0	0	5	5	ENSTGUG00000009900	17	3754	Mitogen-activated protein kinase kinase kinase kinase 4 (EC 2.7.11.1)(MAPK/ERK kinase kinase kinase 4)(MEK kinase kinase 4)(MEKKK 4)(HPK/GCK-like kinase HGK)(Nck-interacting kinase) [Taeniopygia guttata]
contig12055	183	183	CAGAAGCATTTTTAGCAAATTTGTCTGCTCAGGCACAGAATAAGGAAGCTGAAGAAAGTAAAGAAAATGACtcAAAGCGACAGATACCGGACAAGGATAG	[C/T]	GTTGCACAGGAAGTTAGAAGGAGCACAAATTCCAGCTTTTCTTCCTCATCAAATTCAGGAAAAAAGCCCAGTGAGAACAATGTTAATGTAGGCTCTGCTG	12	83%	1	0	0	4	5	ENSTGUG00000012770	4626	5815	PHD finger protein 3 [Taeniopygia guttata]
contig12055	154	154	TCTTAAGGGAAAACCTCCAGATGTTTCCACAGAAGCATTTTTAGCAAATTTGTCTGCTCAGGCACAGAATAAGGAAGCTGAAGAAAGTAAAGAAAATGAC	[T/C]	cAAAGCGACAGATACCGGACAAGGATAGcGTTGCACAGGAAGTTAGAAGGAGCACAAATTCCAGCTTTTCTTCCTCATCAAATTCAGGAAAAAAGCCCAG	12	83%	1	0	0	4	5	ENSTGUG00000012770	4626	5815	PHD finger protein 3 [Taeniopygia guttata]
contig12055	130	130	TGCTGGTTCTTTGATAGGgCTGAGTCTTAAGGGAAAACCTCCAGATGTTTCCACAGAAGCATTTTTAGCAAATTTGTCTGCTCAGGCACAGAATAAGGAA	[G/A]	CTGAAGAAAGTAAAGAAAATGACtcAAAGCGACAGATACCGGACAAGGATAGcGTTGCACAGGAAGTTAGAAGGAGCACAAATTCCAGCTTTTCTTCCTC	9	78%	1	0	0	4	5	ENSTGUG00000012770	4626	5815	PHD finger protein 3 [Taeniopygia guttata]
contig11985	455	455	ATGCTAGCACCTTGGAAAAgTGCAGTGTCTGCAAGCAGACCATCACAGACCGGATGCTGAaGGCCACTGGTAACTCATaCCATCCCCAGTGCTTCACCTG	[T/C]	GTGaTGTGCCATAccccTCTGGAggggacCTCttttattGTCGACCAGTCCAACCAGCCTCACTGTGTGGATGACTACCACAGGAAGTATGCTCCACGCT	9	89%	1	0	0	4	5	ENSTGUG00000013238	918	1637	Zyxin (Zyxin-2) [Taeniopygia guttata]
contig11062	50	50	AGCTGGAGCgggAAgggaaaGGAGAGGAAGGGACGCGACGCGACGCGGGCACGGCGGGTGCCGGGAGCTCACGCGGCACAGCCAGCCAGGAAGGGAGCTG	[C/T]	ACGGCGGGTGCCGGGAGCTCACGCGGCACAGCCAGCCAGGAAGGGAGCTGCTTCCCGGTAATAGAGGATCCTGACGCTGAATGAGAAGGCACCGGCGGCA	10	80%	2	0	0	3	5	ENSTGUG00000012235	9	1001	GTPase KRas Precursor (K-Ras 2)(Ki-Ras)(c-K-ras)(c-Ki-ras) [Taeniopygia guttata]
contig10090	2199	2199	GAAAGCGCAGGAAAGAGGAGAGTGTTGGAGATGAGGAAGACAGTCCTATGATTTGCAGCAGTACAACTGGCACCCCTGGGGGAATTCAACCTTTGGACTT	[T/C]	GATCCCAAGTCCCAAATTCAGGAAGTGCCAAGAAGTGGGTTTACCCTTCAAGGTCTGGAAAATGCTCCCCATTGCCATGCGGAACGTTTTGAAATGTGCA	10	100%	0	0	0	5	5	ENSTGUG00000010974	1	6718	Transcription factor HIVEP2 (Human immunodeficiency virus type I enhancer-binding protein 2)(HIV-EP2)(MHC-binding protein 2)(MBP-2) [Taeniopygia guttata]
contig09727	267	267	ctttgcttcttcacctacaacctgatccggcaggtcatccacccttacatcagggagcagaagaacaagctgtacaaagatccccaatcgaggtggtcaa	[A/-]	caccacgctgccgtgcgTTCcTACGtCATGCTGTCcCTGgtcTACCTGCCCGGGGTGCTGgCAGCCTGcTcactcAGcttACTACGGCACCAAGTACAGG	8	87%	1	0	0	4	5	ENSTGUG00000011567	411	1380	Metalloreductase STEAP3 (EC 1.16.1.-)(Six-transmembrane epithelial antigen of prostate 3)(Tumor suppressor-activated pathway protein 6)(hTSAP6)(pHyde)(hpHyde)(Dudulin-2) [Taeniopygia guttata]
contig09727	253	253	tctggggcgtttttctttgcttcttcacctacaacctgatccggcaggtcatccacccttacatcagggagcagaagaacaagctgtacaaagatcccca	[A/-]	tcgaggtggtcaaacaccacgctgccgtgcgTTCcTACGtCATGCTGTCcCTGgtcTACCTGCCCGGGGTGCTGgCAGCCTGcTcactcAGcttACTACG	8	87%	1	0	0	4	5	ENSTGUG00000011567	411	1380	Metalloreductase STEAP3 (EC 1.16.1.-)(Six-transmembrane epithelial antigen of prostate 3)(Tumor suppressor-activated pathway protein 6)(hTSAP6)(pHyde)(hpHyde)(Dudulin-2) [Taeniopygia guttata]
contig09727	244	244	tttttggtctctggggcgtttttctttgcttcttcacctacaacctgatccggcaggtcatccacccttacatcagggagcagaagaacaagctgtacaa	[A/-]	gatccccaatcgaggtggtcaaacaccacgctgccgtgcgTTCcTACGtCATGCTGTCcCTGgtcTACCTGCCCGGGGTGCTGgCAGCCTGcTcactcAG	8	87%	1	0	0	4	5	ENSTGUG00000011567	411	1380	Metalloreductase STEAP3 (EC 1.16.1.-)(Six-transmembrane epithelial antigen of prostate 3)(Tumor suppressor-activated pathway protein 6)(hTSAP6)(pHyde)(hpHyde)(Dudulin-2) [Taeniopygia guttata]
contig09491	602	602	TAGGGTTTAAGgAAGGGCAGACCATCAAGCTAAaCATTGGGAACATGACATCAAAGAAAGgAGGAGTAGCCAAGCCCCGTGTGTCTGGATCAGGGGgCCT	[A/G]	AGCCTGCTGCCACCCCcACCAGGAGGCAAAATTGCAGTCCcTCCTATACCTCCCCcTtCcTccacagccgttgccaaccatgtcacaccaccacctgtgc	8	87%	1	0	0	4	5	ENSTGUG00000013138	1	872	NECAP endocytosis associated 1 [Taeniopygia guttata]
contig09491	551	551	CTGAAATCtCCAAGGAGTCCCaGGAAGCTGACACAcGTCCCAAATTaGACTTAGGGTTTAAGgAAGGGCAGACCATCAAGCTAAaCATTGGGAACATGAC	[A/G]	TCAAAGAAAGgAGGAGTAGCCAAGCCCCGTGTGTCTGGATCAGGGGgCCTAAGCCTGCTGCCACCCCcACCAGGAGGCAAAATTGCAGTCCcTCCTATAC	9	89%	1	0	0	4	5	ENSTGUG00000013138	1	872	NECAP endocytosis associated 1 [Taeniopygia guttata]
contig08908	509	509	TGGCGGCAAGATGTCCATTTTTtAAGACGCTGCTTTCTTCCTCACCAGAGTATGGGGCAGAAATAATAATGGATATTAACACAGCTGGCATAGATATGCC	[T/A]	aTGTTTTCTGCTTTGTTACACTACCTTTATACGGGCGAGTTTGGAATGGAGGATTCGAGATTCCAAAATGTTGATATTCTTGTGCAGCTTAGTGAAGAAT	10	80%	2	0	0	3	5	ENSTGUG00000012623	71	1731	BTB/POZ domain-containing protein 7 [Taeniopygia guttata]
contig08674	1326	1326	ATATGGAAGTTCTGGGCCAGATCAAGTTGAGCATTTAAAGTTTGGAAAACCACAAATTGAGTTGCTTCCCGTATCATGTAATACAGAaGCTTGTGTGTTC	[C/A]	AAAACAGGGGCTTCTCTTAATCTTCAGTTGCTGCTGTTTAAGTTGATATCCCTTCCCAATAAAAGTTCAcTt	11	73%	2	0	0	3	5	ENSTGUG00000013035	1	1392	14-3-3 protein theta (14-3-3 protein tau)(14-3-3 protein T-cell)(Protein HS1) [Taeniopygia guttata]
contig08595	142	142	TCTGCAGTGTGCTgtaaagtaacttcttAccTGAagaaatcAGCAcTGATCAggaaatggccaaaagtcgaaaggtttGCttttCATGTcccaaGTTAGG	[G/A]	GCTTGCTGGGGTTTTGCAGAAAGGGCTTAAaGAGAaCTTTGCTGATGCTCAAGTCtCTGTTGTAGACTGTCCTGATCTGACTAAGGAaCCCTTCAACTTT	12	83%	1	0	0	4	5	ENSTGUG00000012850	30	1078	Ester hydrolase C11orf54 (EC 3.1.-.-) [Taeniopygia guttata]
contig07226	510	510	ACTCTTCAAAATCCTGTGGACCATATAAACGGCGTGAAGAAGTAACTTATAAAGAAGAGCAGACCAGCTCACAAAGAagTGTTCATAACCATGATACTAT	[T/C]	GGTAtGGTTGTAATTGGTGTGAGTGGAACCGTTGCTTCTGGGACATCTactAATGGTGCAATCCACAAACTTCCAGGCCGTGTGGGAGATTCTCCAATAG	10	90%	1	0	0	4	5	ENSTGUG00000006468	102	992	N(4)-(beta-N-acetylglucosaminyl)-L-asparaginase Precursor (EC 3.5.1.26)(Glycosylasparaginase)(Aspartylglucosaminidase)(AGA)(N4-(N-acetyl-beta-glucosaminyl)-L-asparagine amidase) [Contains Glycosylasparaginase alpha chain;Glycosylasparaginase beta chain] [ [Taeniopygia guttata]
contig06613	911	911	CTCCCAGTGGGATCCCAGATGAGTGGCAGATGTTTGGTTCCATCCCCATGCAGCCATCTCAACAGAAGGATGTTTTTGCTCACTACCTTTCTAaTTATCa	[A/G]	gAGCCAAGTCCAAAATCCaGCAGCAAAAGGGCTGCcCCtCAGTCAAAGTCccGCcATTCCAAACGACCAAGAGAAGAaACTTCAGAGgTAGCAGCAGCTG	9	78%	2	0	0	3	5	ENSTGUG00000006286	105	1897	Zinc finger CCHC domain-containing protein 8 [Taeniopygia guttata]
contig06268	111	111	CAaCCCGCTCGgACctGGATGATTACTCCATcAGTGGGCAAGCTAaGAGAATACACCAGTTCGTGGAgTGCAtCAAGCTGAACaGAAAGCCCTTTCATCT	[A/G]	GTTGGCACTTCCATGGGGGgAAaTGTTGCTGGCGTCTATGCTGCTCAGTACCCAGAAGaTGTTTGCAGCCTGACCCTcATCtGTCCTGCAGGCCTGCCAA	9	78%	1	0	0	4	5	ENSTGUG00000007463	319	987	Abhydrolase domain-containing protein 6 (EC 3.-.-.-) [Taeniopygia guttata]
contig06132	729	729	CTGTGCACTGAAGATGACTCTGTAAGTCATCTGATTAATGCTTCATCTGAAAGCCTGACCGCTGCATGCCCCTCCTCTCGATTAAAGGAGGATTTTAATA	[C/-]	TAATAAAGATTTGCTGTTTTCAGAAGCTACAACTGCAGGGATCAATGCAGTGACTCTCTTACAGAGACCAGTTGATGGTACTGCTAAAATGCAAGAAAAT	12	92%	1	0	0	4	5	ENSTGUG00000008916	21	1747	Zinc finger FYVE domain-containing protein 9 (Mothers against decapentaplegic homolog-interacting protein)(Madh-interacting protein)(Smad anchor for receptor activation)(Receptor activation anchor)(hSARA)(Novel serine protease)(NSP) [Taeniopygia guttata]
contig05513	1476	1476	AGGAATCAAAGATTTCAGCctaTGAAGATGAACTGACCAAAGCCCAAGAGGAGCTGAGTCgCCTGCAGCAAGAAACTGCAGAGCTTGAACATTGCATAGA	[A/G]	TCTGGGAAAGCACAGCTGGGACCTCTTCAGCAACATCTGCAGGATTCACAACAGGAAATCAATTCAGTGCAGACAAAGCTTCTTGAGCTGAAAGAACTGG	12	58%	3	0	0	2	5	ENSTGUG00000008685	31	2692	Epidermal growth factor receptor substrate 15 (Protein Eps15)(AF-1p protein) [Taeniopygia guttata]
contig05491	138	138	ATCTCCAGCTGTCTTGCtttCAcccACaaaGGagccaccACCTGTGCTTGCCaaaCCaaagctggacccccaaaaaatacagcagctgcaGAACCaaatt	[A/-]	cgTCTGGAGCAAGaaaGtggacAGTggtAtCGTcaccaaCAGCAACCTGATCATCAtCAGCACtcTCCcTCTTCtCCTTCcTTTCCTCCTCCCCCCTCCT	9	89%	1	0	0	4	5	ENSTGUG00000006061	1860	4131	palladin [Taeniopygia guttata]
contig05135	725	725	AGGAAATGCAGAGCAAACCTGTGGTGTTCTTCATATTTTATTTCTGGAGTATCATTGAGCTGTTCAGGTATCCCTATTACATGCTTTCCTGCATTGGAAT	[T/C]	GAGTGGAAACCACTCACCTGGCTCCGTTACACTGTCTGGATCCCTCTCTACCCCTTAGGGGgCTTGGCAGAAGCTGTCTGTATTGTTCAATCCATTCCAA	11	91%	1	0	0	4	5	ENSTGUG00000009174	1	1011	Protein tyrosine phosphatase-like protein PTPLAD1 (Protein-tyrosine phosphatase-like A domain-containing protein 1)(Butyrate-induced protein 1)(hB-ind1)(B-ind1) [Taeniopygia guttata]
contig04980	242	242	GCCTGggTTACCAATGAAACCTACTGGGAACTGCGAAAGGATCCTGGCTTTAGTAAAGTAGACATTCCTGTACTCTGGTAAACTGAGAATGTAGACCTAg	[T/G]	AAACATATCACTCTgAaGAAAAAAaTAaCTATGCACAATATGTTTCTTATAGCTAAGTGTGGTTTGTGGGTCTGCAGAAAAaCCATATCACATGCATTTA	12	83%	2	0	0	3	5	ENSTGUG00000009140	2689	3131	Oxysterol-binding protein-related protein 6 (OSBP-related protein 6)(ORP-6) [Taeniopygia guttata]
contig04709	171	171	TCTCTGATGAGGAGGATGCTGAAGATTTGTTTTCATCAAGTAAACCTGTGAAGTCCAAAGCTACATCTCTCCCCGTCAGCAAGTCCATGACAAAAGCTCC	[A/G]	CTTTCCTTGTTTgATGATGATGAAGAGGATCTCTTTGGTGTGGGTCCTGCCAAGAAGCACCAGGAAAAGCCCCCAGAAGAGAAAGcAAAACAGTCAGGGC	9	78%	2	0	0	3	5	ENSTGUG00000007886	1395	1987	Protein FAM21C [Taeniopygia guttata]
contig04128	1652	1652	gggtttaCTGATGGagaacAGCCTATTGtcctCAGCATGTgtgGACATTCAGTTGAGACCATCAGATACTGTGtttctcaggaaaaagttagcaTTCACT	[-/CC]	AGTTTCTCGTTtACTTCAGGCTTGCATGTTTTGCTGAGTAAAACAGAAGTGGCATATAAGTTTCCAGAGCTGCTACCCCTGAGTGAaCTTAGCCCACCCA	8	87%	1	0	0	4	5	ENSTGUG00000003261	179	5265	E3 ubiquitin-protein ligase UBR2 (EC 6.3.2.-)(N-recognin-2)(Ubiquitin-protein ligase E3-alpha-2)(Ubiquitin-protein ligase E3-alpha-II) [Taeniopygia guttata]
contig03924	1109	1109	AGGAGAATACCCCAAATTACTGAGGCTTTATAATGACTTGTGGAAGCGCCTCCAACAATATAGTCAAAATATTCAGAGGAATTTTAACACAAGTGGAACT	[C/A]	TTGATCTTTTtGCTGAACTACAACAAATGGAAGAAGATGCACAGGACATATTCATGCAAAAAAaaTGAAGATTACGATCCAGAAAAGGCCTTGAAGGATT	10	70%	2	0	0	3	5	ENSTGUG00000003116	90	2599	Conserved oligomeric Golgi complex subunit 5 (COG complex subunit 5)(Component of oligomeric Golgi complex 5)(13S Golgi transport complex 90 kDa subunit)(GTC-90)(Golgi transport complex 1) [Taeniopygia guttata]
contig02785	2469	2469	TCTCCAAGATGAGGAAGGCTGGAATCAAGTCTACCATAGCAATAGAGAAATTCAAACTGCTGGCAGAGAAAGTGGAGGAAATTGTTGCCAAGAACGCCcg	[-/TC]	GCAGaGATtGATTACAGCgatgCtCCGGAgTGaCaGgatccgctgatggacactctgatgaccgacc	10	70%	3	0	0	2	5	ENSTGUG00000003533	1318	3868	Ubiquitin conjugation factor E4 B (Ubiquitin fusion degradation protein 2)(Homozygously deleted in neuroblastoma 1) [Taeniopygia guttata]
contig02144	518	518	TCaaaGCACTCTGCAAGGACTGTGTGGTGGaaaGGTGTCGAATcctGCGGCTGAagaaccAGCTGAAcgaGGACtacaaaaCCgtcACCAACCTGCTgaa	[A/G]	aTGACAGTCAAGGGGAaCgACGGGTTTTGGGTTGGAAAaGcTtCCTTGAGGAGCTGGCGTCAGCTGGCTCTGgAGCAaTtAAatgAgCAAGAtGaaGaTG	8	100%	0	0	0	5	5	ENSTGUG00000002183	1103	2339	Ubiquitin carboxyl-terminal hydrolase 48 (EC 3.1.2.15)(Ubiquitin thioesterase 48)(Ubiquitin-specific-processing protease 48)(Deubiquitinating enzyme 48) [Taeniopygia guttata]
contig01946	402	402	CAGCAACAACGACATTTTCCATATATCCGGTGTCCTCGACTGTGCAGCCAGTGGCAGCTGCAGCCACTGTTGTTCCATCCTATACTCAGAGTGCGACATA	[T/C]	AGCACAACAGCAGTAACTTACTCTGGTACCTCCTATTCTGGCTATGAAGCTGCAGTGTATTCAGCTGCATCGTCCTATTACCAACAGCAGCAGCAGCAAC	9	89%	1	0	0	4	5	ENSTGUG00000001909	322	3093	Zinc finger RNA-binding protein (hZFR)(M-phase phosphoprotein homolog) [Taeniopygia guttata]
contig01653	479	479	TCGAGGAAGGGCTGCCCAATGCACAGAAGGCCATAAAGGCTTTAGGGGACCAGATCATCTTCGTTAATCGCCcTGATAAGAAGAAAATTCTTTTCTACAA	[C/T]	GACAAGAGCTGTCACTTTGCTGTGGACGAAGAATTCCAGAAGCTGTGGAGGAGCATTCCTGTGGATTCTATGGATGAGGAGAAGATAGAAGAGTATCTGA	16	44%	2	0	0	3	5	ENSTGUG00000001771	697	1787	Transcription initiation factor IIE subunit beta (TFIIE-beta)(General transcription factor IIE subunit 2) [Taeniopygia guttata]
contig01552	1516	1516	ACccTTTCtgAaGAAaCCCatagCaTCTTGCAGgagTtgtatttGAccaaTAacaacctcacagataaatgtgtaccctTgttaacaggccacccacacc	[C/-]	tgaaaatcttgcacaTGGCTTACaatCGCCTACAGAGCTTCCCTGCAaGCAAAaTGGCCAAGCTGGAagAGTTGGaggAAaTcGAtATTAgtGGGAACAA	9	89%	1	0	0	4	5	ENSTGUG00000002028	24	2783	PH domain leucine-rich repeat-containing protein phosphatase (PH domain leucine-rich repeat protein phosphatase)(EC 3.1.3.16)(Pleckstrin homology domain-containing family E protein 1)(Suprachiasmatic nucleus circadian oscillatory protein)(hSCOP)(PHLPP1) [ [Taeniopygia guttata]
contig01224	396	396	AGAGGTTAACTTGGAGCAAGTACTGACCAGTCCTTTTGGTGCTGCTTTTCCCACAGAGTATGGGAAAGATGGATTCCTTCCTGCTCTTTCTCTGCAAAGC	[G/A]	CTGCCCTTGATGGGAGCTCAGAGAGCCTTAAACACGAAGGTGTGGCTGACTCTCCAGGCAGCCTACTTGACGGAACCCcTcAGATCAGCTCGGAGgAAaG	11	91%	1	0	0	4	5	ENSTGUG00000001807	5632	6693	Ankyrin-2 (Brain ankyrin)(Ankyrin-B)(Non-erythroid ankyrin) [Taeniopygia guttata]
contig01200	994	994	AACAAGACAAGGGCATGGTAATTGCAGAGACAAAGCGGCAAATGCATGAAACATTGGAAATGAAGGAGGAGGAGGTAGCCcAActGCGTGCCCGAATCAA	[G/A]	CAAATAaCTACAAAAGgCGAGgAATtAAAaGAGcAGAAAGAAAAaTaCTGAAAaaaCTGaCTTTTGAAGAGCTtGAGAAGGCTGTAAGTATTGCCcAAAA	9	78%	1	0	0	4	5	ENSTGUG00000001889	195	1297	Golgin subfamily A member 4 (Trans-Golgi p230)(256 kDa golgin)(Golgin-245)(Protein 72.1) [Taeniopygia guttata]
contig00428	463	463	AAATTTTGGTTGATGGCTGGAATGTATATTTCTTTGATAAGATAGAGGAATTGTCAGTTGTTTGGCCAGACTATGGGAAAAaCACTGAATCTGCTGGGCA	[A/G]	CTGTGGCTGGGACTTCTCCGATTCTACACAGAAGAATTTGATTTTAAAGAGCATGTCATCTGCATCAGGAGAAAAAATCTGCTTACAACTTTCAAGAAGC	11	82%	2	0	0	3	5	ENSTGUG00000000624	3160	4231	Zinc finger CCHC domain-containing protein 6 [Taeniopygia guttata]
contig00364	333	333	CATGGGAGTGTGTACTGGAAAAAAGGAaGCATCCAAATTTTAAAGAATGCATCACCTGAACTACCTTTACATCAATCACTAAAGGGCTGTTTTTCAGTCg	[T/G]	tGACAGTCCCATCTGGATGGATTCCAGCACAGCCTCCCAGTGCAGAGCACTGGAGAAAGCCCTGGGGGGAGCCCAGCACCTGGCCAGTGTCACTGGCTCC	14	50%	1	0	0	4	5	ENSTGUG00000000555	4	1230	Xylulose kinase (Xylulokinase)(EC 2.7.1.17) [Taeniopygia guttata]
contig11611	1064	1064	AGGCATGAGAAGAGCACACATTAAAGATGCTGtcccTGTtTGAGCTCTTTAACTGGCTGGAAAAaGAGGTCCCAAAGGGAACAGTAACAGAAATTATTGC	[G/T]	GCAGACAAAGCAGAGGAGTTCCGCAGTCAGCAGAAAGACTtcGTTGAATTGAGTTTTGCTACCATATCAAGCACAGGTCCAAATGGAGCCATCATTCACT	12	75%	1	0	0	3	4	ENSTGUG00000010544	21	1883	Xaa-Pro aminopeptidase 1 (EC 3.4.11.9)(X-Pro aminopeptidase 1)(X-prolyl aminopeptidase 1, soluble)(Cytosolic aminopeptidase P)(Soluble aminopeptidase P)(sAmp)(Aminoacylproline aminopeptidase) [Taeniopygia guttata]
contig11611	1059	1059	ACaGAAGGCATGAGAAGAGCACACATTAAAGATGCTGtcccTGTtTGAGCTCTTTAACTGGCTGGAAAAaGAGGTCCCAAAGGGAACAGTAACAGAAATT	[A/G]	TTGCGGCAGACAAAGCAGAGGAGTTCCGCAGTCAGCAGAAAGACTtcGTTGAATTGAGTTTTGCTACCATATCAAGCACAGGTCCAAATGGAGCCATCAT	12	75%	1	0	0	3	4	ENSTGUG00000010544	21	1883	Xaa-Pro aminopeptidase 1 (EC 3.4.11.9)(X-Pro aminopeptidase 1)(X-prolyl aminopeptidase 1, soluble)(Cytosolic aminopeptidase P)(Soluble aminopeptidase P)(sAmp)(Aminoacylproline aminopeptidase) [Taeniopygia guttata]
contig11061	870	870	GCCTCCCTGAGTTCTCCAGGCTGAGGGTgCCAGATGACCACGCCATCTCGGATTTAGCCATGTACAATTATGTAGAGATGCGTGAgCACGTCAATTCAAC	[A/G]	TGGTTCATCTTCCGCAAGCGCgTAGACAACTTCCTCCACGCCCTCATGCcTtCCACCATTGTCCCACTGTACACCATGGTGACCTTCACCAGAATTCGCT	9	78%	1	0	0	3	4	ENSTGUG00000011204	254	1356	Kynurenine 3-monooxygenase (EC 1.14.13.9)(Kynurenine 3-hydroxylase) [Taeniopygia guttata]
contig10436	843	843	ATCAAGCTGCTCTCATGTACCTGGGTCCAACTGAGAGACCTCCAGAAGAGCCAGAGGAGAAACCATCCAGACCTCCTTTGTATGTGAGGCTTTACAGACG	[G/A]	CTTCGATCATACTGGTCATCTCCAAAAGAGTTCCCCCAGGAGGTAGCCCcAGAGGACTGGGAAGAACTGAAGCTGTCCACCATTGAGCTTTCCATTGCAA	9	78%	1	0	0	3	4	ENSTGUG00000011620	1	1157	Acylglycerol kinase, mitochondrial Precursor (hAGK)(EC 2.7.1.94)(EC 2.7.1.107)(Multiple substrate lipid kinase)(Multi-substrate lipid kinase)(MuLK)(HsMuLK) [Taeniopygia guttata]
contig10356	54	54	CCACCTGCAGcgACACAGGTGCAAGGCCAGCCAGCCTCAAGCAGTGCTGCGGTaCCATCCCAGCCTACTCAACACACTCAGCAGAGTGCACAGCAGCCAG	[A/G]	CCATCCCAGCCTACTCAACACACTCAGCAGAGTGCACAGCAGCCAGCCTcTTCCCAACAGCCTGGGCAATACCAGCTGCAGCAGCCCTCAGTTTCTGCCA	8	87%	1	0	0	3	4	ENSTGUG00000012615	2120	2543	Serine/threonine-protein kinase WNK1 (EC 2.7.11.1)(Protein kinase with no lysine 1)(Protein kinase, lysine-deficient 1)(Kinase deficient protein)(Erythrocyte 65 kDa protein)(p65) [Taeniopygia guttata]
contig10090	2526	2526	ACaCAAATtCTTTGAGTAGGCCAAACTCATTTGAAAGGTCTGAATCTACAGAACataTTGCATGCCAGCAGGAAAAgaTGtATTCACCATCTGAAACaTG	[T/C]	GAGAGTGAGATTTGtGAGTCTCCGATGAGCCCAGACCGAGCTCCACAAATGGAAAATGTTGACACCAGTAAGCCATCCCCATCCCAGCAGCCTCAGCCGT	8	100%	0	0	0	4	4	ENSTGUG00000010974	1	6718	Transcription factor HIVEP2 (Human immunodeficiency virus type I enhancer-binding protein 2)(HIV-EP2)(MHC-binding protein 2)(MBP-2) [Taeniopygia guttata]
contig09938	2488	2488	TGGggTCACGGACACTGGATCCACTTTGGAAAGTGCGCCGCAGTCAGAAGTTGGATATGTCAGCAAGGCTGGAATTACAGTCAGCTCTTGATGCAGAAAT	[T/C]	CGTGCCAAACAACTGgTTCAAGAAGAGCTAAGGAAAGTTAAAGATGCAAACATATCTTTTGAAAGTAAATTAAAGGAATCAGAAGCAAAAAATAGAGAAC	8	87%	1	0	0	3	4	ENSTGUG00000012826	1	4960	Serine/threonine-protein kinase MRCK beta (EC 2.7.11.1)(CDC42-binding protein kinase beta)(Myotonic dystrophy kinase-related CDC42-binding kinase beta)(Myotonic dystrophy protein kinase-like beta)(MRCK beta)(DMPK-like beta) [Taeniopygia guttata]
contig09629	371	371	TTTGCAAAAAAGGaGATATTGGAAGAGAAATGTACATTATTAAAGAGGGAAAATTGGCTGTGGTGGCAGATGATGGCATAACCCAATTTGTAGTCCTAAG	[C/T]	GATGGCAGCTACTTTGGTGAAATTAGCATCCTAAACATCAAAGGTAGCAAATCTGGCAACAGGAGGACAGCCAACATTAGGAGTATTGGTTATTCTGATT	4	75%	1	0	0	3	4	ENSTGUG00000010272	1382	2133	Cyclic nucleotide-gated cation channel alpha-3 (CNG channel alpha-3)(CNG-3)(CNG3)(Cyclic nucleotide-gated channel alpha-3)(Cone photoreceptor cGMP-gated channel subunit alpha) [Taeniopygia guttata]
contig09417	344	344	AGCCTTCcAAAGCTAATGAAagTaCtGATGGAgTTGCAGTTaaaGAggAATTGACACCTCCTCcagctgaaaaccgaagcagtttCAttgAAggagaaaa	[C/T]	GTctGGaaccaaaTCaaaGcagaaCCAGTAGGGAATGAAAGTGTAAATATATCTGTGAGTGTACTGCAGCAAAGCAATTCCTTGCCTAATGCTAGTTCAG	7	100%	0	0	0	4	4	ENSTGUG00000012469	1872	4193	Zinc finger protein 292 [Taeniopygia guttata]
contig09325	208	208	AAAACTTCTTCCTCTTCTGCGTTTCCATGAGTTTAGCCAGCCACTTCGGCTTTTCACAAACGCCAACACCAtcAGTAAAAGAGGAGGCCAATGATAACAT	[T/C]	ACTATATTCACCAGGATCTTGGATGGTCTGCTGGACGGCTACGACAACAGACTGCGCCCAGGACTGGGAGAGAGAATAACTCAGGTGAAAACAGACATCT	8	87%	1	0	0	3	4	ENSTGUG00000010368	366	2040	Gamma-aminobutyric acid receptor subunit alpha-5 Precursor (GABA(A) receptor subunit alpha-5) [Taeniopygia guttata]
contig09231	138	138	CAGTTAAAAACAGTGCAGGAGAaCCAGtATGGAAGGTTCTCATTtATGACAGATTTGGCCAAGATATCATCTCACCTTTGCTGTCAGTGAAAGAGCTGAG	[G/A]	GATATGGGGATCACTTTGCATCTGCTTTTGCATTCAGATCGGGATGCTATTCCAGATGTTCCAGCTATTTACTTTGTAATGCCAACAGAAGAAAATATTG	11	73%	1	0	0	3	4	ENSTGUG00000011823	1	1712	Sec1 family domain-containing protein 1 (Syntaxin-binding protein 1-like 2)(Sly1p) [Taeniopygia guttata]
contig08831	80	80	CTGTGGAGGAATTCCTGGAGTTGGAGAGAAGTGGGACCCTTCTGGAAGTAGGAACTTATGAAGGTAACTATTATGGAACcCCGAAGCcTCCAAGCCAGCC	[C/G]	CCGAAGCcTCCAAGCCAGCCCCTCAGTGGGAAAGTGACTTCCACCAATGCTTTGCAAAACCTGCAGTCTGGCTCCAAGCAGTCGACTCCAAAGCGAACCA	8	87%	1	0	0	3	4	ENSTGUG00000009560	56	1813	Connector enhancer of kinase suppressor of ras 3 (CNKSR family member 3)(Membrane-associated guanylate kinase-interacting protein-like 1)(Maguin-like protein) [Taeniopygia guttata]
contig08597	106	106	gcACGGAGGAGGAGATGATGATGTTTGCAGCACTGCAGTACCACATCAACAAGCTGTCCATCATGTCCTCGGAAAACCACCTGAACCACAGTGACAAGGA	[T/C]	GTGGACGAGGTGGACGCCGCGCTCTCGGACCTGGAAATCACCTTGGAAGgAGGCAaGACCTCAACAATCCTGGGTGACATCACTTCCATCCCAGAGCTCG	9	78%	1	0	0	3	4	ENSTGUG00000013098	926	2049	Fermitin family homolog 2 (Pleckstrin homology domain-containing family C member 1)(Kindlin-2)(Mitogen-inducible gene 2 protein)(MIG-2) [Taeniopygia guttata]
contig06860	1135	1135	TTTTACTAAaCTaCCAGTCTCTTCTCTcccccgaGttAAGGAGGAGCgCACCATGCTGGAAGACATCcAGGTTACTCTGGCTGAACTAGACAAAGTtACc	[C/T]	tcTTTTTCAAGCAGCTGGATGAAaGCcTTGTAGCAAATACTCACGTCGTCTACCAcAttGAAGGAAGTCGTCAGGCCTTGAAGgTTATCTTTtAtCTTGA	7	100%	0	0	0	4	4	ENSTGUG00000008911	2846	4316	Phosphatidylinositol 3,4,5-trisphosphate-dependent Rac exchanger 1 protein (PtdIns(3,4,5)-dependent Rac exchanger 1)(P-Rex1) [Taeniopygia guttata]
contig06612	652	652	AGCAGAGCCATATCAGCTGCAGGGAGATGTATGAGTGCAGCTGTCCTGAACTGGACCGCCTGGTCGACATCTGCcTGCAATTTGGGGCCATTGGGTCACG	[C/T]	cTGACTGGAGCTGGATGGGGTGGCTGCACTGTGTCAATGGTGCCTACTGACAAGCTGAACACTTTCCTAAAAAaTGTAAAAAAGCTTATTACcAAaCGGA	9	89%	1	0	0	3	4	ENSTGUG00000007298	549	1380	N-acetylgalactosamine kinase (EC 2.7.1.157)(GalNAc kinase)(Galactokinase 2) [Taeniopygia guttata]
contig04128	1649	1649	AGTgggtttaCTGATGGagaacAGCCTATTGtcctCAGCATGTgtgGACATTCAGTTGAGACCATCAGATACTGTGtttctcaggaaaaagttagcaTTC	[-/T]	CTcAGTTTCTCGTTtACTTCAGGCTTGCATGTTTTGCTGAGTAAAACAGAAGTGGCATATAAGTTTCCAGAGCTGCTACCCCTGAGTGAaCTTAGCCCAC	7	100%	0	0	0	4	4	ENSTGUG00000003261	179	5265	E3 ubiquitin-protein ligase UBR2 (EC 6.3.2.-)(N-recognin-2)(Ubiquitin-protein ligase E3-alpha-2)(Ubiquitin-protein ligase E3-alpha-II) [Taeniopygia guttata]
contig03271	887	887	CTCAGTTACCTCATCTATGTGTTCCCCGACCGGCCCAAGGACGAGGTGTTCTCCAAGTACTACACGCCGGTTCgCagtgagCTaaaGCTGtggaTGGAta	[T/C]	gTGAAGCcacagATCAAGCAAGTggtgccagagtttgtcaatgcaTcaggagattctgcccctGGaggggccAcctacatggaccaggcaccctcgcctg	4	75%	1	0	0	3	4	ENSTGUG00000002572	1204	2224	Signal transducer and activator of transcription 5A [Taeniopygia guttata]
contig02785	2482	2482	GAAGGCTGGAATCAAGTCTACCATAGCAATAGAGAAATTCAAACTGCTGGCAGAGAAAGTGGAGGAAATTGTTGCCAAGAACGCCcgtGCAGaGATtGAT	[-/G]	ACAGCgatgCtCCGGAgTGaCaGgatccgctgatggacactctgatgaccgacc	9	78%	2	0	0	2	4	ENSTGUG00000003533	1318	3868	Ubiquitin conjugation factor E4 B (Ubiquitin fusion degradation protein 2)(Homozygously deleted in neuroblastoma 1) [Taeniopygia guttata]
contig02785	2481	2481	GGAAGGCTGGAATCAAGTCTACCATAGCAATAGAGAAATTCAAACTGCTGGCAGAGAAAGTGGAGGAAATTGTTGCCAAGAACGCCcgtGCAGaGATtGA	[T/G]	TACAGCgatgCtCCGGAgTGaCaGgatccgctgatggacactctgatgaccgacc	9	78%	2	0	0	2	4	ENSTGUG00000003533	1318	3868	Ubiquitin conjugation factor E4 B (Ubiquitin fusion degradation protein 2)(Homozygously deleted in neuroblastoma 1) [Taeniopygia guttata]
contig02785	2474	2477	AAGATGAGGAAGGCTGGAATCAAGTCTACCATAGCAATAGAGAAATTCAAACTGCTGGCAGAGAAAGTGGAGGAAATTGTTGCCAAGAACGCCcgtGCAG	[AGAT/-]	tGATTACAGCgatgCtCCGGAgTGaCaGgatccgctgatggacactctgatgaccgacc	9	78%	2	0	0	2	4	ENSTGUG00000003533	1318	3868	Ubiquitin conjugation factor E4 B (Ubiquitin fusion degradation protein 2)(Homozygously deleted in neuroblastoma 1) [Taeniopygia guttata]
contig02654	413	413	GtGTTTGAATGTATTGCAGGATTTAGACCTTTCTTACATAATCTACAGCCATTTGCCtGGCATGAAAaGaTCAAGAAgAAGGACCCcAAGCACATCTTtG	[C/T]	ctCTGAGcAGATGAACGGGGAGGTTCACTTCAGCACCCACCTGCCACAGCCtCaCAGCCtCTGCaGTTTGATTGTAGAaCCCAtGgAAAACTGGTtGCAG	7	100%	0	0	0	4	4	ENSTGUG00000004649	449	1522	Inhibitor of nuclear factor kappa-B kinase subunit alpha (I kappa-B kinase alpha)(IkBKA)(IKK-alpha)(IKK-A)(IkappaB kinase)(EC 2.7.11.10)(I-kappa-B kinase 1)(IKK1)(Conserved helix-loop-helix ubiquitous kinase)(Nuclear factor NF-kappa-B inhibitor kinase alp [Taeniopygia guttata]
contig01927	1123	1123	CTGTAATTGGGAGCAACTTGGCTGCTCCTGTGGGACACAGTGGGATCTGGTCCTTCGAaGGTATAGGTGGCAGTCAAGATAAAGTGGACTGGTGTCACAG	[C/T]	GgCATGGGCAGCCACATGATCCACAGGCCCATGTCTGACCCAGGCGTCTTCTCGCACCAAGCCATGGAGAGAGACAGCACGGGAATCGTAGCGCCTTCCG	9	89%	1	0	0	3	4	ENSTGUG00000001580	5939	7437	Ankyrin repeat domain-containing protein 17 (Gene trap ankyrin repeat protein)(Serologically defined breast cancer antigen NY-BR-16) [Taeniopygia guttata]
contig01719	345	345	ATGGAAAGAAGGTGCAGGAGTTCTCTGGGGCCAATAAAGAGAAGCTGGAAGAGACCATTAAAAGTCTAGTCTAATCTCCAGCCATGAAGACATTGAAGCG	[T/C]	GACTGCTTTGGCTAAATTACAGCCTGCAACTTTTtctaactt	8	87%	1	0	0	3	4	ENSTGUG00000001294	165	549	Thioredoxin (Trx)(ATL-derived factor)(ADF)(Surface-associated sulphydryl protein)(SASP) [Taeniopygia guttata]
contig01719	338	338	TACAAGAATGGAAAGAAGGTGCAGGAGTTCTCTGGGGCCAATAAAGAGAAGCTGGAAGAGACCATTAAAAGTCTAGTCTAATCTCCAGCCATGAAGACAT	[T/G]	GAAGCGTGACTGCTTTGGCTAAATTACAGCCTGCAACTTTTtctaactt	8	87%	1	0	0	3	4	ENSTGUG00000001294	165	549	Thioredoxin (Trx)(ATL-derived factor)(ADF)(Surface-associated sulphydryl protein)(SASP) [Taeniopygia guttata]
contig00767	1149	1149	TGCTGAAGTCCGATCTCTCaGCATTAACACTCTtGTGAAGatAaGTAAAAGtGCTGGGTCTAtGCTGAAgCCtCaTGCgCCAAAAcTtatCCcaGCCCTG	[C/T]	TGGAatCCTTGagTGTGCtGGaGCCTCAAGtCCtCAATtATttGAGTCTTtCTGCAACAGATCAAGaGAAAACTGCAATGGATAGTGCCAGaCTTAGtGC	9	78%	1	0	0	3	4	ENSTGUG00000001279	2732	4337	Proteasome-associated protein ECM29 homolog (Ecm29) [Taeniopygia guttata]
contig00260	572	576	TTATTTtCAATGGGctCAGcGAcTGGCTGTAtgAAgAGGaGATCTTgAAGaCTCACATTGcTCATTGGtGGTctCCTGATGGcaCCAGGcTGGCTGtcaC	[TCAGT/AA]	TTAATGCCTCCAGAGTCCCCACCATGgAGATCCCAATATACACAGGCATCCTTTACCCTACTGTTAAAaCTTACCATtATCCAAaGGCTGGAATGGAAAa	10	70%	1	0	0	3	4	ENSTGUG00000000647	90	2269	Dipeptidyl aminopeptidase-like protein 6 (Dipeptidylpeptidase VI)(Dipeptidylpeptidase 6)(Dipeptidyl peptidase IV-like protein)(Dipeptidyl aminopeptidase-related protein)(DPPX) [Taeniopygia guttata]
contig00260	568	568	GgTGTTATTTtCAATGGGctCAGcGAcTGGCTGTAtgAAgAGGaGATCTTgAAGaCTCACATTGcTCATTGGtGGTctCCTGATGGcaCCAGGcTGGCTG	[T/-]	caCtcAgTTTAATGCCTCCAGAGTCCCCACCATGgAGATCCCAATATACACAGGCATCCTTTACCCTACTGTTAAAaCTTACCATtATCCAAaGGCTGGA	10	70%	1	0	0	3	4	ENSTGUG00000000647	90	2269	Dipeptidyl aminopeptidase-like protein 6 (Dipeptidylpeptidase VI)(Dipeptidylpeptidase 6)(Dipeptidyl peptidase IV-like protein)(Dipeptidyl aminopeptidase-related protein)(DPPX) [Taeniopygia guttata]
contig00260	565	565	GAaGgTGTTATTTtCAATGGGctCAGcGAcTGGCTGTAtgAAgAGGaGATCTTgAAGaCTCACATTGcTCATTGGtGGTctCCTGATGGcaCCAGGcTGG	[-/ATA]	TGtcaCtcAgTTTAATGCCTCCAGAGTCCCCACCATGgAGATCCCAATATACACAGGCATCCTTTACCCTACTGTTAAAaCTTACCATtATCCAAaGGCT	10	70%	1	0	0	3	4	ENSTGUG00000000647	90	2269	Dipeptidyl aminopeptidase-like protein 6 (Dipeptidylpeptidase VI)(Dipeptidylpeptidase 6)(Dipeptidyl peptidase IV-like protein)(Dipeptidyl aminopeptidase-related protein)(DPPX) [Taeniopygia guttata]
contig00128	36	36	GaaaTTGAGAAggaaaTTaaggAATCGAGGCAcccgtTAGaaaaGTGgCATCCAATACCGCtctcgtttGAACAtttaCttAACCATTATAAACACTTCA	[G/A]	tTAGaaaaGTGgCATCCAATACCGCtctcgtttGAACAtttaCttAACCATTATAAACACTTCATCAAAGCTCTTCAGTCCATTCTACAGAAACCATTGG	12	83%	1	0	0	3	4	ENSTGUG00000000103	480	1220	Tripartite motif-containing protein 14 [Taeniopygia guttata]
contig00128	30	30	GaaaTTGAGAAggaaaTTaaggAATCGAGGCAcccgtTAGaaaaGTGgCATCCAATACCGCtctcgtttGAACAtttaCttAACCATTATAAACACTTCA	[G/A]	CAcccgtTAGaaaaGTGgCATCCAATACCGCtctcgtttGAACAtttaCttAACCATTATAAACACTTCATCAAAGCTCTTCAGTCCATTCTACAGAAAC	12	83%	1	0	0	3	4	ENSTGUG00000000103	480	1220	Tripartite motif-containing protein 14 [Taeniopygia guttata]
contig12192	2832	2832	CTAACCTGAGCAGCAAAGAaTTCCAGAAaGCAGACAGCACAGAGTTCAAAGAGcTGCAGAACAGGCTTCGGAAGGTCAAcTTGCACTgggagaaagcaaa	[C/-]	TCaGtgcACTGGACAACTGGAGGAAGaGTTtgCAgCAAGCCTtACTGCAcTGCCAGGATTTCCAcGACCAGAGCCAAAAGCTAAtCCTGtGgTTGGCAAG	8	100%	0	0	0	3	3	ENSTGUG00000012947	4429	7730	Nesprin-2 (Nuclear envelope spectrin repeat protein 2)(Synaptic nuclear envelope protein 2)(Syne-2)(Nucleus and actin connecting element protein)(Protein NUANCE) [Taeniopygia guttata]
contig09392	2496	2496	GCAAAGGACAAGGAGACTCCGTGCAAAAAGACAAGATGTGCAAAAGCAGATTTCCCAAGCCAAGCggcTGCAGATTgaaGGTGGACTGcccaGCACAGTG	[C/A]	GAgaGGAtttACaaaaGTTaGagggAaCaTTGGAGAACATGCAGCAGACTAtggAGaaaCgggAAGAGcaactGCAGGtcacaataaataaatgggagca	8	87%	1	0	0	2	3	ENSTGUG00000011195	1367	4193	Nesprin-1 (Nuclear envelope spectrin repeat protein 1)(Synaptic nuclear envelope protein 1)(Syne-1)(Myocyte nuclear envelope protein 1)(Myne-1)(Enaptin) [Taeniopygia guttata]
contig08647	472	472	TGCCTGAATATGGTATGGGAAGTAGCACCAAAGCCTCTTTCACCCCCTTtcGTGGACACCAGAGTGTATCAGACCTCACCTACTGATGAAGAtGAaGTGA	[-/GA]	TGAAGaGtCATCTGCTAATCCCCTGTTCACCAGCGAGCTGCTCAGGCAGGAGCAGGCCAAGCTGAACGAGGcGCGCAAGAtcTCGGTGGTGAACGTGAAC	8	100%	0	0	0	3	3	ENSTGUG00000010875	2459	4701	TRAF2 and NCK-interacting protein kinase (EC 2.7.11.1) [Taeniopygia guttata]
contig07611	252	252	ggctcacctgtgccgtgggtgatggagggaatgatgttagcatgattcaggaggctgactgtggtgttggagttgaaggaaaggaagggaaGCAGGCATC	[A/G]	CTGGCAGCTGATTTCTCCATCACTCAGTTCAAGCACCTgggTCGtttGCTCATGGTCCATGGAAggaacAGCTACAAGAGGTCTGCAGcccTCAGCCAGt	9	100%	0	0	0	3	3	ENSTGUG00000008565	2115	3048	Probable phospholipid-transporting ATPase IIA (EC 3.6.3.1)(ATPase class II type 9A)(ATPase IIA) [Taeniopygia guttata]
contig07065	117	118	cccGGTGGCGGCTCCAACTTCTccctgggcttCGATGAGcccaaaGAACAGcccGTGAGGAGGAACaaaaTGGCATCCAGCATCtttggaactCaCTcAG	[TT/-]	gagAACCcACCCTCCTGGGCTAAAGCAGCAGGGGCTAAGCCAGGTGAAACCAGAGACAGCTGTGAATCCTCTGGACCACAAAGAACAAACTCAACTGAGG	7	100%	0	0	0	3	3	ENSTGUG00000008735	148	1358	Hematological and neurological expressed 1 protein (Androgen-regulated protein 2) [Taeniopygia guttata]
contig07065	114	114	CCTcccGGTGGCGGCTCCAACTTCTccctgggcttCGATGAGcccaaaGAACAGcccGTGAGGAGGAACaaaaTGGCATCCAGCATCtttggaactCaCT	[C/G]	AGttgagAACCcACCCTCCTGGGCTAAAGCAGCAGGGGCTAAGCCAGGTGAAACCAGAGACAGCTGTGAATCCTCTGGACCACAAAGAACAAACTCAACT	7	100%	0	0	0	3	3	ENSTGUG00000008735	148	1358	Hematological and neurological expressed 1 protein (Androgen-regulated protein 2) [Taeniopygia guttata]
contig07065	111	111	CGTCCTcccGGTGGCGGCTCCAACTTCTccctgggcttCGATGAGcccaaaGAACAGcccGTGAGGAGGAACaaaaTGGCATCCAGCATCtttggaactC	[A/-]	CTcAGttgagAACCcACCCTCCTGGGCTAAAGCAGCAGGGGCTAAGCCAGGTGAAACCAGAGACAGCTGTGAATCCTCTGGACCACAAAGAACAAACTCA	7	100%	0	0	0	3	3	ENSTGUG00000008735	148	1358	Hematological and neurological expressed 1 protein (Androgen-regulated protein 2) [Taeniopygia guttata]
contig06678	1126	1126	AGGgTTCACcTgCtAGTTCTGGGATAGGCAGTCCAATGGCATCTTCTGCAATAACCAAAATTCACAGCAAGAGATTCAGAGAATACTGTAACCAAGTTCT	[G/A]	aGTAAAGAAATAGATGAGTGcGTGACTCTGCTATTGCAAGAGCTTGTCAGCTTCCAGGAACGGATTTACCAAAAGGATCCCACGAGAGCTAAAGCGAGGA	7	100%	0	0	0	3	3	ENSTGUG00000007252	898	3195	None
contig06299	489	489	GCTGAAGGAGATCCAGAGTACTCTGGAGGGGGGCAGAGGGAGCTATGCAGAAAAAAaTTCGGCAAGAAGTCCACTAGGACACGGACTAAGTAATGGAGGA	[-/CAG]	ATTGACCAGAACTCAcGGAGGACACCGTGGCATTGGATCGAGTGCCATAACACTACTGATGGGCAAACCGTCCCTGGGGAgAAGGCACCAGTGCCCCCAG	9	78%	1	0	0	2	3	ENSTGUG00000008523	2581	3171	Lethal(2) giant larvae protein homolog 2 (HGL) [Taeniopygia guttata]
contig05176	1490	1490	CAGAGGAAAAAGGTGgaGgAGGAAGAAaGGCagaaagaattggaggaaaatctacatgctgcctcgaaatccggagctcaacgaaaaaggctcagacaaa	[A/-]	tgacagtgagtctgatgcaGaGaCCAAGAGGAGGCTTCAGAGATCGTCTgggTCGGaaaGCGAGACCGACGACACCGACGACGAGAAGAGAcccAAGCGC	8	100%	0	0	0	3	3	ENSTGUG00000008540	2275	6006	Chromodomain-helicase-DNA-binding protein 2 (CHD-2)(EC 3.6.1.-)(ATP-dependent helicase CHD2) [Taeniopygia guttata]
contig04746	846	846	TTCCAGTTCaCCCCCTaCAGCTGGGTgAAGTTCGAGTGgAAgCCGGCcTCCAGCCTGcGCAGGTGgCTCGCcgTCTGTGGCATCAtCTTCGTGTTTTTAt	[A/T]	GGCaGaGCTGAACaCGTTTTACCtGAaGTTTGtGCTGTGGATGCCCCCtGAAcACTaCttggtgctgctacgcctcgtgttttttgtcaacgtgggagga	9	89%	1	0	0	2	3	ENSTGUG00000006737	39	1299	Phosphatidylserine synthase 2 (PtdSer synthase 2)(PSS-2)(EC 2.7.8.-)(Serine-exchange enzyme II) [Taeniopygia guttata]
contig03971	219	220	GAGCACATTCCAGCggggAAGCGCACTcccATGTGTGCACACTGTAACCAGGTCATCAGAGGAcccTtcttggTGGCtttgggaaaGTCATGGCAtccAG	[TT/-]	AGGAGTTTAATTGTGCCcACTGCAAAaCaTCCATGGCATACATAGGATTTgTGGAaGAGAAAGGGATGCTATATTGTGAGGTCTGCTATGAGAAGTTCTT	7	100%	0	0	0	3	3	ENSTGUG00000003158	53	735	PDZ and LIM domain protein 5 (Enigma homolog)(Enigma-like PDZ and LIM domains protein) [Taeniopygia guttata]
contig02848	789	789	TTGCTAAAGTCCGATTTCCTCTAATATCAAAGAACTtCTTAAGTAAAACTGTTCAGGCTGagCCACTtATTCAGGATAACCCAGAatGCCttaaaaTggt	[T/G]	ATCAGTGGGATGCGGTACCACCTCCTTTCCCCGGAAGACcGAGAAGAGTTaGTGGAAGGCACCCGACCAAGAAGAAAAAACACGATtATCGCATTGCTTT	9	100%	0	0	0	3	3	ENSTGUG00000002740	1	1761	Kelch-like protein 7 [Taeniopygia guttata]
contig01968	103	103	CACTCAGTTCTGGAATTACaaaaccacTGATGACATTGTGaaaGTTGAAGTCTgggATGTAGTGGACaaaGGaaaatgcaaaaaacgaggagatggtttg	[T/-]	aaactggagaatgaccctcaGGAGGCAGATtCGGAAATGGCTCTGGATGCAGAaTTCCTGGAtGTCTATAAGAACTGCAACGGTGTAGtGATGATGTTTG	8	87%	1	0	0	2	3	ENSTGUG00000002473	238	949	Putative GTP-binding protein Parf (Partner of ARF) [Taeniopygia guttata]
contig01719	45	45	CAGTTGAAGACCGTgggCAGCCTGGTTGAATTTGAGGCAGAACTCAAATCTGCTGGTGAGAAGCTTtTAGTAGTTGATTTCTCTGCCACATGGTGTGGAC	[C/G]	AAATCTGCTGGTGAGAAGCTTtTAGTAGTTGATTTCTCTGCCACATGGTGTGGACCATGCAAAATGATCAAGCCCTTTTTCCATAGTTTGTGTGAGAAGT	7	100%	0	0	0	3	3	ENSTGUG00000001294	165	549	Thioredoxin (Trx)(ATL-derived factor)(ADF)(Surface-associated sulphydryl protein)(SASP) [Taeniopygia guttata]
contig00636	46	46	ACGGAAGCAAGaaaTCATTaaagtcACAGAGCAGCTGATTGAAGCgaTAAGCAATGGCGACTTCGAGTCCTACACGAAgATGTGTGACCCTGGAaTGACT	[G/A]	aTAAGCAATGGCGACTTCGAGTCCTACACGAAgATGTGTGACCCTGGAaTGACTGCTTTTGAGCCcGAGGCTCTGGGCAACCTcGTGgAAGGCCTGGATT	7	100%	0	0	0	3	3	ENSTGUG00000000887	1254	1651	Calcium/calmodulin-dependent protein kinase type II beta chain (CaM-kinase II beta chain)(CaM kinase II subunit beta)(CaMK-II subunit beta)(EC 2.7.11.17) [Taeniopygia guttata]
contig06257	83	84	GttaaaagcaGCaGGCAAAGAgCTGACAGTGGAtAaTTcATTTGAATTTGAAAAaCGTAGGAACGAACCAGTGAAATACCAGagAGAGTtGTGGAACAAG	[AG/TT]	AGAGTtGTGGAACAAGACTGTGGATGCAATGAAGAGAGTGGAGGAAATAAAGCGAAAACGCCAAGCCAGATTTATTATGAACAGATTAAAGAAGAGCAAA	9	78%	0	1	2	0	3	ENSTGUG00000006530	89	469	Probable ribosome biogenesis protein RLP24 (Ribosomal protein L24-like) [Taeniopygia guttata]
contig08862	452	452	GGTAATCTTACCATGgAgACaGACCTGACAGCTGCAaTGGCAAAAAAGTCAAagcACTTGAGATaTTtGCTtATGCTcTGCAaTtCTTTAAggaacaggc	[T/A]	ttAAAGGaGCTCAGtgaccAAGGAGGCTCAGACTTTGAAAACACTGAAGTAaGATGGGTCATTACAGTGCcTGCTATTTGGAAGCAGCCTGCAAAGCAGT	7	100%	0	0	0	2	2	ENSTGUG00000011029	37	947	Heat shock 70 kDa protein 12A [Taeniopygia guttata]
contig08862	388	388	GGATcccACTGAATCAAAGCACTGGTtaTATTTTGAgAAGTTTAAGATGAAGCTGCAtACcACTGGTAATCTTACCATGgAgACaGACCTGACAGCTGCA	[-/A]	TGGCAAAAAAGTCAAagcACTTGAGATaTTtGCTtATGCTcTGCAaTtCTTTAAggaacaggctttAAAGGaGCTCAGtgaccAAGGAGGCTCAGACTTT	7	100%	0	0	0	2	2	ENSTGUG00000011029	37	947	Heat shock 70 kDa protein 12A [Taeniopygia guttata]
contig02553	694	694	AGGTAGAAACAGAAGACAAATTTGAGTGGATTGGGGGCAgCTCAaTTGGaGgTGGAACCTTCTGGGGtCTTGgAGCTCTGCTCACCAAAACAAAGAAATt	[C/T]	GATGAATTGCTGCAGCTGGCCTCAAAGGGCCAGCACACCAACgtGGACATGCTGGTcAAGGACGTGTATGGAGGTGCCTACCAGACCCTGGGGCTCAGTG	7	100%	0	0	0	2	2	ENSTGUG00000002880	1	2516	Pantothenate kinase 4 (EC 2.7.1.33)(Pantothenic acid kinase 4)(hPanK4) [Taeniopygia guttata]
contig07995	666	667	AAGTTGGATTTTACATGATGGGTgTTTAtGCTCCTACACTGCTAATTGTtGTTCTATCCTGGCtgtCAttttGGATCAATCCTGATGCAAGtgCTGCAaG	[AG/T]	tCCCGCTGGGTATTTTCTCAGTGCTCAGCTTGGCATCTGAATGTACCACTCTTGCTGCTGAACTTCCCAAAGTGTCTTATGTGAAGGCCTTAGATGTCTG	8	87%	0	1	1	0	2	ENSTGUG00000005457	229	1494	Glycine receptor subunit beta Precursor (Glycine receptor 58 kDa subunit) [Taeniopygia guttata]
contig07995	663	663	GACAAGTTGGATTTTACATGATGGGTgTTTAtGCTCCTACACTGCTAATTGTtGTTCTATCCTGGCtgtCAttttGGATCAATCCTGATGCAAGtgCTGC	[-/CTC]	aGAGtCCCGCTGGGTATTTTCTCAGTGCTCAGCTTGGCATCTGAATGTACCACTCTTGCTGCTGAACTTCCCAAAGTGTCTTATGTGAAGGCCTTAGATG	8	87%	0	1	1	0	2	ENSTGUG00000005457	229	1494	Glycine receptor subunit beta Precursor (Glycine receptor 58 kDa subunit) [Taeniopygia guttata]
contig07461	47	47	GGCTGTcactcagttgcaagatccctccaaaagagcggggatgaGttGTCAGAAGAGGAAGAGGGCGAAGTTGACAGTGAAGTGGAGTTTCCTCGtAGAC	[T/C]	GTCAGAAGAGGAAGAGGGCGAAGTTGACAGTGAAGTGGAGTTTCCTCGtAGACAAAGACCCCACCGCTGCATCAGTAGCTGCCAGTCCTACTCGACCTTC	9	100%	0	0	0	1	1	ENSTGUG00000006958	2350	2845	None
contig13282	149	149	CACTGTGAAGCCTTACAGCAATGAAATCCAtgCAcAGGCTCAGCTGTGGCTCAAGAGGGACCCCAAGGCGTCGTACGAAGCTTGGAAGAAGTGCCTCCCt	[G/T]	CCAGAGGTGCAGATGCCAATGGGAAAACTCCCAGCAAAGCTGAGCTTCACCAGCTCTACTTGTCAGAAAAATACGTCTGGAAGTGGAAGCAGTTCATGAG	7	100%	0	1	0	0	1	ENSTGUG00000016758	11917	13148	E3 ubiquitin-protein ligase UBR4 (EC 6.3.2.-)(N-recognin-4)(Zinc finger UBR1-type protein 1)(Retinoblastoma-associated factor of 600 kDa)(600 kDa retinoblastoma protein-associated factor)(RBAF600)(p600) [Taeniopygia guttata]
contig04354	804	804	GAACATGATGCTGTAATTGTCAAGAACATGAAGGCAGAACTGGCTCGCTTCCCAAAAATGGAGCGTGAATTGCgCcAGCTCAGGGAGGAAAATGCctACT	[T/-]	CAGttGGAAATGAAAGAAAACAATGGTTTGCTTAAAGAGGAAGTGGAAGGTCTTCAGAGAAAGCTGGAACGCTATGAGAAAGTCCAAGCACAGCTAGTGA	9	100%	0	1	0	0	1	ENSTGUG00000008186	1	1249	Mitotic spindle assembly checkpoint protein MAD1 (Mitotic arrest deficient-like protein 1)(MAD1-like 1)(Mitotic checkpoint MAD1 protein-homolog)(HsMAD1)(hMAD1)(Tax-binding protein 181) [Taeniopygia guttata]
contig02478	455	455	aaTATCTGGCCGACTCAAGCCTATGAATCTCAttctCAGTCAggaagatatcaccacAATACTGAGGACACTAAATGAAAATGCAGGCGAAAGCTCTGGT	[-/CATCAACGGCTT]	TGCCAGAATCGAAAGCATCAGCTAGTCATTCTAGTGAAATGCATGGTACTTCTCAGCACTCTGCAGGTGTAACTGTTGTGACATCAGCTGTGGTGGAATT	13	100%	0	1	0	0	1	ENSTGUG00000003433	875	1902	Vacuolar protein sorting-associated protein 13A (Chorein)(Chorea-acanthocytosis protein) [Taeniopygia guttata]
