HISP_mapping_contig_number	HISP_contig_start	HISP_contig_end	left_flank	SNP	right_flank	Total_Depth	Var_Freq	Ref_DOM_count	Var_DOM_count	Ref_HISP_count	Var_HISP_count	sum_samples	ENSTGUG_reference	ENSTGUG_map_start	ENSTGUG_map_end	description
contig03314	1026	1026	GGAAGGAAGTGTACCGGCTTGCTTTACAAACACGAGAGCAGCATATCAGGAGGGATAAAGCTACCAGCAACATCTGCACAGCACAGGCTCTTCTGGCTAA	[C/T]	ATGTCAGCCATGTTTGGTATATACCATGGCTCTGATGGACTAAGGCACATTGCAAGACGAGTTCACAATGCTGCTCTAATCTTGGCTGAAGGTCTCAGGC	77	43%	0	6	6	0	12	ENSTGUG00000004885	34	2952	Glycine dehydrogenase [decarboxylating], mitochondrial Precursor (EC 1.4.4.2)(Glycine decarboxylase)(Glycine cleavage system P-protein) [Taeniopygia guttata]
contig01206	1353	1353	AGGGCCATGACTTTGAGCTTGCTCATGGTTCAGTAGTGATTGCTGCCATTACAAGCTGTACAAACACCAGTAATCCCTCAGTTATGTTGGGTGCAGGACT	[C/G]	CTTGCTAAGAAAGCTGTTGAAGCTGGTTTGACAGTGAAGCCGTACATTAAAACTAGCCTGTCCCCAGGAAGCGGGGTTGTCACTTACTATCTGAGGGAGA	65	37%	0	6	6	0	12	ENSTGUG00000001505	1	2677	Cytoplasmic aconitate hydratase (Aconitase)(EC 4.2.1.3)(Citrate hydro-lyase)(Iron-responsive element-binding protein 1)(IRE-BP 1)(Iron regulatory protein 1)(IRP1)(Ferritin repressor protein) [Taeniopygia guttata]
contig01206	1242	1242	CTGTGTCAGATATGAAGAAGGACTTTGAGACTTGTCTGGGAGCCAAGCAAGGATTCAAGGGCTTCCAAATTGCACCAGACCGACAAAACAGCATAGTCAA	[G/A]	TTTAATTTTGAGGGCCATGACTTTGAGCTTGCTCATGGTTCAGTAGTGATTGCTGCCATTACAAGCTGTACAAACACCAGTAATCCCTCAGTTATGTTGG	55	38%	0	6	6	0	12	ENSTGUG00000001505	1	2677	Cytoplasmic aconitate hydratase (Aconitase)(EC 4.2.1.3)(Citrate hydro-lyase)(Iron-responsive element-binding protein 1)(IRE-BP 1)(Iron regulatory protein 1)(IRP1)(Ferritin repressor protein) [Taeniopygia guttata]
contig10655	156	156	ACCTTTTTCAACATGAAACTGTAGTAACCAGtGAAACTTACAACAGTGCAAATTTAAGGCCTTCAACATTTGAGGATTTCAACACCAGGAGAGCCTGTTT	[G/T]	CCTAGCCAATCTAACCAGGT	27	59%	0	6	5	0	11	ENSTGUG00000011746	377	551	Sprouty-related, EVH1 domain-containing protein 1 (Spred-1)(hSpred1) [Taeniopygia guttata]
contig09588	994	994	CAAAGATTCTGCAACAGATTGAGGAGCCCTTGGCACTAGCAAGTGGAGCTTTGCCAGACTGGTGTGAGCAACTAACAAGCAAGTGTCCTTTCTTAATTCC	[G/A]	TTTGAAACAAGACAGTTGTACTTCACATGTACAGCATTTGGAGCATCAAGAGCAATTGTATGGCTGCAGAACAGACGTGAAGCCACTGTGGAACGGACAA	28	29%	0	5	6	0	11	ENSTGUG00000011864	2136	4684	None
contig09527	11065	11065	AACAGAAAATGCTTGACTACCTCAAGGATAAAAAGGATGTGGGGTTCTTTCAGAGCCTTGCTGGTCTTATGCAGTCCTGTAGTGTTCTTGACCTAAATGC	[A/G]	TTTGAACGTCAGAACAAAGCAGAAGGCCTTGGCATGGTGACTGAAGAGGGATCAGGAGAAAAGGTGATGCAGGATGATGAGTTCACCTGTGACCTCTTCC	43	44%	0	5	6	0	11	ENSTGUG00000010491	149	15116	Ryanodine receptor 2 (RYR-2)(RyR2)(hRYR-2)(Cardiac muscle-type ryanodine receptor)(Cardiac muscle ryanodine receptor-calcium release channel) [Taeniopygia guttata]
contig08780	463	463	CTGGATGCGGTTTTGGTCACAGCATGAAGACATCAGTCAGCCAGAGAGCATATTGGCTGTTGCCCGACAGGCTGGACTCTCAGCAGAGCTCTCCCAGAAG	[T/G]	CACTTGAAATGATTTCATCCCCTACAGTGAAGGACCGACTGAAAGACACAACAACTGAAGCACTGAAATATGGGGCATTTGGGATGCCTGCTGTTGTGGC	37	32%	0	5	6	0	11	ENSTGUG00000013205	1	660	Glutathione S-transferase kappa 1 (EC 2.5.1.18)(Glutathione S-transferase subunit 13)(GST 13-13)(GST class-kappa)(GSTK1-1)(hGSTK1) [Taeniopygia guttata]
contig03314	1776	1776	GCTATGACAAAATCTCCTTCCAGCCGAATAGTGGAGCCCAAGGAGAGTATGCAGGCTTGGCTGCAATCAAAGCTTATTTAAATGCCAAAGGAGAACGTCA	[C/T]	AGAACCGTTTGCCTTATTCCTAAATCTGCTCATGGTACTAATCCAGCAAGTGCACAAATGGCAGGGATGAAGATTCAGCCAATTGAAGTGGATAAAAATG	66	53%	0	6	5	0	11	ENSTGUG00000004885	34	2952	Glycine dehydrogenase [decarboxylating], mitochondrial Precursor (EC 1.4.4.2)(Glycine decarboxylase)(Glycine cleavage system P-protein) [Taeniopygia guttata]
contig03314	1725	1725	GATATCAGCAGCTTTTCAAGGATTTAGAGAAGGACCTATGTGAGATTACAGGCTATGACAAAATCTCCTTCCAGCCGAATAGTGGAGCCCAAGGAGAGTA	[T/C]	GCAGGCTTGGCTGCAATCAAAGCTTATTTAAATGCCAAAGGAGAACGTCACAGAACCGTTTGCCTTATTCCTAAATCTGCTCATGGTACTAATCCAGCAA	75	53%	0	6	5	0	11	ENSTGUG00000004885	34	2952	Glycine dehydrogenase [decarboxylating], mitochondrial Precursor (EC 1.4.4.2)(Glycine decarboxylase)(Glycine cleavage system P-protein) [Taeniopygia guttata]
contig00973	2066	2066	AGATCAGGCAGAGAATGGAAGATCCAAAGTCTGCAGATATTCAGCTGTACCACAGTGAAACTCTAGAACTGATGTTGCGCAGGTGGGCCAAGTTGGAAAA	[A/G]	GACTTCAAAACAAAAAaTGGAAGATATGATATTAGCAAAATTCCTGATATTTATGACTGTATAAAATATGATGTACAACACAATGGATCCTTAAAATTAG	79	34%	0	5	6	0	11	ENSTGUG00000000931	1	3463	Inositol hexakisphosphate and diphosphoinositol-pentakisphosphate kinase 2 (EC 2.7.4.21)(EC 2.7.4.24)(InsP6 and PP-IP5 kinase 2)(PP-IP5 kinase 2)(hsVIP2)(Histidine acid phosphatase domain-containing protein 1) [Taeniopygia guttata]
contig00478	572	572	ACTCATTTGTAGATGAACATGAACCATCTATAGTTGGTAGCAGTTGTATTTCTGTCATTAAACATTCTCCTCAAAGCTCGATGTCTGATGTATCCGAAAC	[A/G]	TCAACTGTAGAGCATACTCAACCAAGTCGTATACAAAGCAACTGTAGAAGCCCTGAAAATAAGTTCCAGATTATAAAGCAGGAGCCTATGGAATTAGAGA	41	49%	0	5	6	0	11	ENSTGUG00000000417	8	1374	Nuclear factor interleukin-3-regulated protein (E4 promoter binding-protein 4)(Interleukin-3 promoter transcriptional activator)(Transcriptional activator NF-IL3A)(Interleukin-3 binding-protein 1) [Taeniopygia guttata]
contig00271	166	166	AGTTGGATTTGGGTGGCATGCTTGCAGTCTTGGAGCAGAAGCAGCAAACAGAGAAGTCAAAACAGTCTCCTAAACCTGTGGTATTTTCAGTTGGTGGTGC	[G/A]	GTACCATTGCCATCTAAAGACCCTGCTACCGCCGCAAGAAGTCACCGTTTAAACCAAGGAAAGATGCCTCATAATCCCTTGGATTCCAGCGCTCCTTTGG	38	45%	0	5	6	0	11	ENSTGUG00000000440	320	1637	SECIS-binding protein 2 (Selenocysteine insertion sequence-binding protein 2) [Taeniopygia guttata]
contig00060	1048	1048	AAACAGAGGAAGAGAAAATCAAAGCACCCAAGAAGCAGAAGCTTGTCCATGAGATCACCATGGAGCTGGATGTAAATGATGTGCCTGACCTGCAAGAAGA	[T/A]	GAACTGAAGAGCTCGATGAAAAAACTCCAAGACTTGACAATCAGAGATCTAGAGAAACAGGAAAGAGAAAAATCAGCCAACAGCTTGGAGTCATTCATCT	39	33%	0	5	6	0	11	ENSTGUG00000000039	945	3135	Hypoxia up-regulated protein 1 Precursor (150 kDa oxygen-regulated protein)(Orp150) [Taeniopygia guttata]
contig13458	1970	1970	TGCTGCAGACAGTGGAGCTGCCAGCCATTCCCCAAGATTATACCCTGCGTGTGCAGGGACATGGGTGTCTTTTCCTGCAGGCCATCCTGAGGTACCACAT	[T/C]	CCTCCCCTGAGGAGCGAGGCCACCTTTGCCGTATCCGTGCAGACGGAGTGCACCGTGCCCGATGCCACCCGGTTCCCTGTCACCATTCATGCCCGCTACA	30	23%	0	5	5	0	10	ENSTGUG00000018526	1916	4260	None
contig13458	1846	1846	GCTCTGGAAGCCCTAGCCCTGTATGCAACCAACATCTTCAGCAAGGATAGCCCTGATCTTCAGGTTTCTCTCACTTCCAAGGGGTTCAGCCAAAACTTCC	[A/G]	AGTAGACAAAAGCAATCGCCTCCTGCTGCAGACAGTGGAGCTGCCAGCCATTCCCCAAGATTATACCCTGCGTGTGCAGGGACATGGGTGTCTTTTCCTG	26	46%	0	5	5	0	10	ENSTGUG00000018526	1916	4260	None
contig12302	768	768	CTGAAAATGTGGTACAAGACTCAGGCAGAGCATATTTCTCAGTGCTGGGGGACATCATGGGCACTGCCATGCAGAATCTGCACCAGCTCCTCCAGATGCC	[T/C]	TTTGGCTGTGGGGAGCAGAACATGGTCCTCTTTGCACCCAACATCTACGTCCTGGACTATCTGAACAAAACAGGGCAGCTGAGTGAGGAGATCAAATCCA	32	56%	0	5	5	0	10	ENSTGUG00000013087	2152	3732	Alpha-2-macroglobulin Precursor (Alpha-2-M)(C3 and PZP-like alpha-2-macroglobulin domain-containing protein 5) [Taeniopygia guttata]
contig06916	733	733	AGTTGACAAAAGGATTAAGAGCTGTATACAATCTAATGCCATTGATGTGGACACCTGGATATTTGAATAGAGCCTTGCAAGTGATGGAGAATGTGACTTC	[A/T]	TTGTCAGGCAACATCAAAATCTGTAAAGAGGCTATTGATGCCTTGGAGACCATTTTGCAGTCTGTCCTTGAAGCCAAACCTGATCCAGATTCTGCTGAAG	17	47%	0	5	5	0	10	ENSTGUG00000005691	12	1127	28S ribosomal protein S27, mitochondrial (S27mt)(MRP-S27) [Taeniopygia guttata]
contig06680	2290	2290	ACACGTCTGACTATGAAGACACAGACACAGAAGGGGGTGCTTATACTGACCAAGAACTGGATGAAACTCTGAATGATGAGGTTGGGACTCCTCCAGAATC	[T/G]	GCTATTACACGCTCCTCTGAACCTGTTCGAGAGGATTCTTCTGGAATGCATCATGAGACTCAGACTTATCCTGCTTATGCATCTCAAGCTCAGCCACAGC	25	48%	0	5	5	0	10	ENSTGUG00000005653	329	5061	Tight junction protein ZO-1 (Zonula occludens protein 1)(Zona occludens protein 1)(Tight junction protein 1) [Taeniopygia guttata]
contig02971	3046	3046	ACTCCAAGTTGAGTAATGTTGCTGTCAGCAGTGAGCCTTCAACTGTATCAGCCAAACCACCACCACCACCTGTTTCtCTGAAACCTGCCTTTGGGCGTCC	[T/C]	ATTCTGAGAAACTCTCAGCCAGCAGTCCTGCCTGCAGAGGAGCAGGAGGAGGAGGCAAAGTtGGAAGAGGAAGGAAGCGAACAAGAAAaTACTCCAAAAT	23	57%	0	5	5	0	10	ENSTGUG00000004208	1	3261	Tight junction protein ZO-2 (Zonula occludens protein 2)(Zona occludens protein 2)(Tight junction protein 2) [Taeniopygia guttata]
contig01902	698	698	GCAAAGGAGCAAATGTGAACAGGACCACAGCGAACAACGATCACACAGTGTTGTCGCTGGCCTGTGCTGGAGGTCACTTAGCAGTGGTGGAGTTACTGCT	[T/C]	GCTCATGGTGCTGATCCCACACACAGACTCAAGGACGGATCGACCATGCTCATTGAGGCAGCCAAAGGCGGTCACACCAGCGTGGTTTGTTACCTTCTAG	21	43%	0	5	5	0	10	ENSTGUG00000001580	964	2962	Ankyrin repeat domain-containing protein 17 (Gene trap ankyrin repeat protein)(Serologically defined breast cancer antigen NY-BR-16) [Taeniopygia guttata]
contig01753	745	745	AGATGAGAGAATGGACCTCTTATCTTTCACTGGCAGCACAAAAGTGGGCAAACAAGTAGCACTTATGGTTCAGGAGAGATTTGGTCGAAGCCTGCTGGAA	[T/C]	TGGGAGGAAACAATGCCATTATTGTGTTTGAAGATGCAGATCTGAACCTAGTCATTCCATCTGCTCTATTTGCTGCTGTGGGAACTGCAGGTCAGAGGTG	37	51%	0	4	6	0	10	ENSTGUG00000001320	125	1689	Alpha-aminoadipic semialdehyde dehydrogenase (Alpha-AASA dehydrogenase)(EC 1.2.1.31)(Delta1-piperideine-6-carboxylate dehydrogenease)(P6c dehydrogenase)(Aldehyde dehydrogenase family 7 member A1)(Antiquitin-1) [Taeniopygia guttata]
contig01198	950	950	GATGTTTCTGCATGACAGATGACAAGGTGGATAAAACTCTAGAACAACAAGAAAACTTTGCTGAAGTTGCCAGAAGCAGGGACGTAGAGGTGTTAGAAGG	[A/C]	AAACCCATCTACGTTGACTGCTTTGGCAATCTGGTGCCACTCACAAaGAGTGGGCAGCATCATATATTCAGTTTCTTTGCCTTCAAGGAAAATAGACTTC	13	62%	0	6	4	0	10	ENSTGUG00000001807	3078	4782	Ankyrin-2 (Brain ankyrin)(Ankyrin-B)(Non-erythroid ankyrin) [Taeniopygia guttata]
contig00584	412	412	CAGATTGGATACTGGATAGAGACCCACAAGAAGAAATACTCAAGGCATTCAAATTGTTTGATGATGATGACTCTGGTAAAATAAGTCTGAGAAATCTGCG	[C/G]	CGGGTTGCTAGAGAATTGGGTGAAAATATGTCTGATGAAGAACTGCGGGcTATGATTGAAGAATTTGATAAGGATGGAGATGGAGAAATTAATCAAGAAG	27	63%	0	5	5	0	10	ENSTGUG00000000683	80	654	Centrin-3 [Taeniopygia guttata]
contig00494	610	610	TAGCAACAAAATACATGCATATTGGTTATATTGTGCCTCCaGCTCCAGAAAAAAGTATtGTAGGCATGACCAAGGTTAAAGTAGGCAAAGAAGATTCTTC	[C/A]	TCTACTGAATTTGTGGAGAAGAGAAGAGCAGCTCTAGAAAGGTATCTACAACGAACAGTGAAGCACCCAACCTTGCTACAGGATCCAGATTTGAGACAAT	21	52%	0	5	5	0	10	ENSTGUG00000001125	30	1824	Sorting nexin-2 (Transformation-related gene 9 protein)(TRG-9) [Taeniopygia guttata]
contig00478	1086	1086	AGTTAAAGTGGAAGCAGTGGATAATGACTATGATGCAACGCAGAAGTTGTCGTCACCCATTGACATGTCCTCAAAAAGACATTTTGAGCTTGAAAAACAC	[G/A]	GTGCACAAAACTTGGTGCATTCTTCTCACACTCCTTTCTCGGTTCAAGTGACTAATATCCAAGACTGGTCACTTAAACCaGAACTCTGGCATCAGAAGGA	18	50%	0	4	6	0	10	ENSTGUG00000000417	8	1374	Nuclear factor interleukin-3-regulated protein (E4 promoter binding-protein 4)(Interleukin-3 promoter transcriptional activator)(Transcriptional activator NF-IL3A)(Interleukin-3 binding-protein 1) [Taeniopygia guttata]
contig12072	717	717	CATCCCAAGAGTTAAGTTGTGCTAATTTAACAGAACCCTGTTCTCCtggagaaacaaaggaaataGTAGAGGTTGCAGTGAACACTGACTCTGGGAgTGC	[C/T]	GAGTCAGTTTGTTCAGTATCTGCAGATACTGAAACGATTCCAGTTAAAAATGAAACAAGTGATGTGATTGATTCACTGGGCTTGGAAAATTCTTCAGAAG	26	62%	0	5	4	0	9	ENSTGUG00000012770	118	1031	PHD finger protein 3 [Taeniopygia guttata]
contig11950	327	327	AAAACTGGGACCACACATTCCATAAATTCATGAAAAGAATATCTGTATGTCCTGAACAGATTTTAAGATACTCTTGGGGTGGCCAGCCTTTATTCATCAC	[G/A]	TGTCCTCCAGCCAACCTGGACCAGGATATTCCAGCCTGCAGTGTCTGTGGAAGCAGCAGAGTGTTTGAGTTCCAGCTGATGCCCAcGCTGGTCAGCATGC	21	57%	0	5	4	0	9	ENSTGUG00000009619	286	841	Programmed cell death protein 2-like [Taeniopygia guttata]
contig11950	318	318	ATGAAGTCAAAAACTGGGACCACACATTCCATAAATTCATGAAAAGAATATCTGTATGTCCTGAACAGATTTTAAGATACTCTTGGGGTGGCCAGCCTTT	[A/G]	TTCATCACGTGTCCTCCAGCCAACCTGGACCAGGATATTCCAGCCTGCAGTGTCTGTGGAAGCAGCAGAGTGTTTGAGTTCCAGCTGATGCCCAcGCTGG	21	57%	0	5	4	0	9	ENSTGUG00000009619	286	841	Programmed cell death protein 2-like [Taeniopygia guttata]
contig11950	237	237	AGCAGAGAGAGTGTGTTGATTTGGAACAGATGATGTCAGAGAGTTTTGCAGGTGAAGATGGTAATGAAAAATATGAGAAGAATGAAGTCAAAAACTGGGA	[C/T]	CACACATTCCATAAATTCATGAAAAGAATATCTGTATGTCCTGAACAGATTTTAAGATACTCTTGGGGTGGCCAGCCTTTATTCATCACGTGTCCTCCAG	23	52%	0	5	4	0	9	ENSTGUG00000009619	286	841	Programmed cell death protein 2-like [Taeniopygia guttata]
contig11751	1814	1814	GCAAAGTTCGGTGGACGGGTACGCGGACACGTGGCAGGTGGAAATACTCAAGTAATGAAGAGACTGAGGATTCTGAGAGTGAAAAAAACTCTGCGGAGGA	[G/A]	GAAGAAGAGGAGGAAGAGGAGGAAGAAGAAGCTCCACCTGCTGATGACGATGAGCCCTGCAAGAAGTGCGGCCTTCCCAATCATCCTGAGCTGATTTTGT	15	53%	0	4	5	0	9	ENSTGUG00000013027	557	4095	Remodeling and spacing factor 1 (Rsf-1)(Hepatitis B virus X-associated protein)(HBV pX-associated protein 8)(p325 subunit of RSF chromatin-remodeling complex) [Taeniopygia guttata]
contig08181	926	926	AGACAGAGAAAAGGAGAAGAATTGAAGAAGCGTACAAAAATGCTGTGACAGAACTGAAGAAAAAGTCCCACTTTGGGGGGCCAGACTATGAGGAGGGTCC	[C/T]	AATAGTCTGATTAATGAAGAAGAATTCTTTGATGCTGTTGAAGCTGCTCTTGACAGACAGGATAAAATGGAAGAACAGTCCCAAAGCGAAAAGGTTAGAT	20	50%	0	5	4	0	9	ENSTGUG00000006135	12	1875	Collagen type IV alpha-3-binding protein (Ceramide transfer protein)(hCERT)(Goodpasture antigen-binding protein)(GPBP)(StAR-related lipid transfer protein 11)(START domain-containing protein 11)(StARD11) [Taeniopygia guttata]
contig06916	823	823	ATGTGACTTCATTGTCAGGCAACATCAAAATCTGTAAAGAGGCTATTGATGCCTTGGAGACCATTTTGCAGTCTGTCCTTGAAGCCAAACCTGATCCAGA	[T/A]	TCTGCTGAAGAAGCCAAGAAATTAGAGCAGAAGTCGCAGTGTGCAGAGTCAGAAGAAACAGAGCAGTCTAAAGTACCTGAGTACTACAGCCGATTCAAGG	19	47%	0	5	4	0	9	ENSTGUG00000005691	12	1127	28S ribosomal protein S27, mitochondrial (S27mt)(MRP-S27) [Taeniopygia guttata]
contig06360	1349	1349	GGTGGTGCACGTTATACTGCGTTAGATAAATGGACCAACCAACTAAATTCTCTCAACCAGGCTGTAGTCAGCAAGCTGGCCTAACAGAAACCAAGCTTCT	[G/A]	CAAACCTACTTAAGGCAACAGTGCAGTGATGTAAACCTTAAAAGAACTGGGAATGGCAAAACTACTGTCGGTTGGTGTGCCCTGAAATTATTGGAGTTAT	18	44%	0	3	6	0	9	ENSTGUG00000007288	1	1920	COP9 signalosome complex subunit 2 (Signalosome subunit 2)(SGN2)(JAB1-containing signalosome subunit 2)(Thyroid receptor-interacting protein 15)(TRIP-15)(Alien homolog) [Taeniopygia guttata]
contig04256	368	368	ACTTGCAAATGTATGATCGTGTAATTGATTTTGATGAGAACACTGTCCTGGAGGACCAAGAAGAAGAATCATTTCGCCAGGAGAAAAAACGTTTTGAGAA	[G/A]	GCTAACAGAGATGATGTTCCTGCTCTAAATGTGGATGAGTATATTGCATTCGAGCATCCCGAAGAGGTGGAGTACATGACGGACTTTGTCATTCAGGAGG	22	55%	0	5	4	0	9	ENSTGUG00000003639	179	1217	Reticulocalbin-2 Precursor (Calcium-binding protein ERC-55)(E6-binding protein)(E6BP) [Taeniopygia guttata]
contig02711	643	643	GCATGGTGACCGGCGGTGCAAACCTGGGCCGTATTGGGGTGATCACCAACCGGGAGAGGCACCCCGGGTCGTTTGATGTGGTTCATGTGAAGGATGCCAA	[C/T]	GGCAACAGCTTTGCCACCAGGCTGTCCAACATCTTCGTTATTGGCAAAGGCAACAAGCCATGGATCTCCTTGCCCCGTGGAAAGGGCATCCGCCTGACCA	21	38%	0	4	5	0	9	ENSTGUG00000004785	10	821	40S ribosomal protein S4, Y isoform 1 [Taeniopygia guttata]
contig02271	326	326	ACTATGCCTGTATAGGTCTAGACAAAATTGAAGAGAGACTGCCTATACTGAATCAACCCACCGACAAGGTTGTTGCCAATGCCAAGGATGTAGTTGTTGG	[G/A]	GCCAGAGAAGCTGTAACAACCACTGTGACTGGTGCCAAGGAAACTGTTGCTCACACAATCACTGGAGTTGTGGGCAAGACCAAAGAAGCAGTGCAAGACA	27	56%	0	5	4	0	9	ENSTGUG00000004399	17	1314	Adipophilin (Adipose differentiation-related protein)(ADRP) [Taeniopygia guttata]
contig01669	93	93	CAgtttAAAAACGTGGTCCACCAGTTGTCAGTAAGTTTAGAAGATATGTACAATGGTGCGATGAGGAAACTTGCACTGCAGAAAAATGTTATTTGTGACA	[T/C]	TGTGACAAGTGTGAAGGTCGTGGTGGTAAGAAAGGTGCAGTAGAATGCTGCCCCAATTGCAGGGGAACAGGCATGCAGATCAGAATTCACCAGATTGGGC	32	34%	0	5	4	0	9	ENSTGUG00000001446	439	1616	DnaJ homolog subfamily A member 1 (Heat shock 40 kDa protein 4)(DnaJ protein homolog 2)(HDJ-2)(HSJ-2)(HSDJ) [Taeniopygia guttata]
contig01292	1478	1478	AAGCAAGGGAGGGAAAACAGTTGTCTGAAGCAGATGAAGCAGCTTTGAAGGAGCCAATCATTAGGAGGTTCGAGGAGGAAGGAAACCCTTATTACTCCAG	[T/C]	GCAAGATTATGGGATGAcGGAATTATTGATCCAGCTGACACAAGACTGGTTTTGGGCCTCAGTCTCAGCGCAGCACTAAATGCACCCACAAAGAAGACAG	21	33%	0	4	5	0	9	ENSTGUG00000001529	160	1789	Methylcrotonoyl-CoA carboxylase beta chain, mitochondrial Precursor (MCCase subunit beta)(EC 6.4.1.4)(3-methylcrotonyl-CoA:carbon dioxide ligase subunit beta)(3-methylcrotonyl-CoA carboxylase non-biotin-containing subunit)(3-methylcrotonyl-CoA carboxylase [Taeniopygia guttata]
contig00973	947	947	AAACAGTTTGTGGCTTTGATTTGCTGCGTGCTAATGGACAGTCCTATGTCTGTGATGTGAATGGCTTCAGTTTTGTGAAAAACTCCATGAAATACTATGA	[C/T]	GATTGTGCTAAGATATTGGGAAATATCATAATGAGAGAACTTGCTCCCCAATTTCAAATACCATGGTCAATTCCTTTGGAAGCTGAAGACATTCCTATTG	20	50%	0	5	4	0	9	ENSTGUG00000000931	1	3463	Inositol hexakisphosphate and diphosphoinositol-pentakisphosphate kinase 2 (EC 2.7.4.21)(EC 2.7.4.24)(InsP6 and PP-IP5 kinase 2)(PP-IP5 kinase 2)(hsVIP2)(Histidine acid phosphatase domain-containing protein 1) [Taeniopygia guttata]
contig00733	3824	3824	GAAGAAATGGTATCAGTCCTCCCAACAAACTGTCACAGTTGCCAAGAACATCATCTCCTAGCACAGCTTCAACTAAATCCTCAAGTTCAGGTAGAATGTC	[T/A]	TACACACCACCAGGCAGGCAGATGAGCCAGCAAAACCTTACAAAGCAAACTGCCTTACCTAAGAGTACCAGTAGCATTCCACGAAGTGAATCTGCTTCAA	13	54%	0	4	5	0	9	ENSTGUG00000001015	3262	8520	Adenomatous polyposis coli protein (Protein APC)(Deleted in polyposis 2.5) [Taeniopygia guttata]
contig12300	696	696	ACACCgTGGTGGCACAGAAGGCCTCTGGGAaGAAAGTTCAGCATTCTTTCTCTGTGGAGGAGTATGTTCTGCCAAAATTTGAAGTGACAGTGAAAATGCC	[C/T]	AAGGTGATCAGCATTCTGGATGAGGAGCTGAAGGTGACAGTTtgTGGACTGTACACGTTTGGGAAaCCCgTTCCcGGCCTtGTGAACTTCCgTGTCTGCC	19	89%	0	6	2	0	8	ENSTGUG00000013087	13	935	Alpha-2-macroglobulin Precursor (Alpha-2-M)(C3 and PZP-like alpha-2-macroglobulin domain-containing protein 5) [Taeniopygia guttata]
contig11998	722	722	CAAGATTTTTTTTCTtGTACTGAAGACTGCATCGAACAGACATTCCTTTCCTACGCTGGTGTGAAACTTCCAGATGaTcTCTAATCCTCCAAGTTAATAA	[C/G]	ATAGAAGACTACTAAAACCAGAAGACAAATTAATGAAAATATGGCTTCAAAAaTGAATGACAGGATGGTTTATGATCAAGTACCAGTTCTGGTCATTCTG	32	37%	0	4	4	0	8	ENSTGUG00000012593	29	1267	NEDD4 family-interacting protein 2 (NEDD4 WW domain-binding protein 5A)(Putative MAPK-activating protein PM04/PM05/PM06/PM07)(Putative NF-kappa-B-activating protein 413) [Taeniopygia guttata]
contig11925	2298	2298	AAACTAACCTTTCAGgTCGCcAGAGCCCGAGTTTCAAGCTTTCTTTTTCCAGTGGTACAAAATCTAACCTTACCAGCCAGTCTTCTGCAAGTAATCTGCC	[C/T]	GGATCTCCCGGGTCCCCTGGGTCTCCAGGGTCCCCTGGCTCACCTGGATCAGTTTCTAAAAGCACATCTCAGATGGCAGCTATTACAACTAAGGGAGGCC	17	53%	0	5	3	0	8	ENSTGUG00000012541	30	2786	Serine/threonine-protein phosphatase 4 regulatory subunit 3A (SMEK homolog 1) [Taeniopygia guttata]
contig11751	2285	2285	AAGATTCCAAAAAGCCCAAATCGAAACTTGAAAGGAGATCTACCAGAACCCGAAAGTGCATAAGCTACAGGTTTGATGAATTTGATGAGGCAATTGATGA	[G/A]	GCAATTGAAGACGATATCAAGGAGGCTGATGGAGGAGGCATTGGCAGAGGCAAAGACATGTCAAATATCACAGGTCACCGTGGAAAAGACATTTCCACAA	19	37%	0	4	4	0	8	ENSTGUG00000013027	557	4095	Remodeling and spacing factor 1 (Rsf-1)(Hepatitis B virus X-associated protein)(HBV pX-associated protein 8)(p325 subunit of RSF chromatin-remodeling complex) [Taeniopygia guttata]
contig11666	574	574	GGAGAGAGTTTTGATGCTGAAAGGGAAGAAGCAGGGTCATCTTCTGTCCATAGTGGCACAGCTCCATCATCGTCATCATCTACATATGAAGCTAACAACA	[T/C]	ACCAACTAGTAATTACACTGGCATACATATACCACCAGGTGCCCATGCACCAGCCAACACTCCAGCTGAAGTACCTCATAACACAGGAGTAACAAGTAAC	25	40%	0	4	4	0	8	ENSTGUG00000010951	34	958	Vacuolar protein sorting-associated protein VTA1 homolog (Dopamine-responsive protein DRG-1) [Taeniopygia guttata]
contig11666	545	545	CTCCTCAGCCTGGCCCCATTGGAATGGAAGGAGAGAGTTTTGATGCTGAAAGGGAAGAAGCAGGGTCATCTTCTGTCCATAGTGGCACAGCTCCATCATC	[G/A]	TCATCATCTACATATGAAGCTAACAACATACCAACTAGTAATTACACTGGCATACATATACCACCAGGTGCCCATGCACCAGCCAACACTCCAGCTGAAG	23	48%	0	4	4	0	8	ENSTGUG00000010951	34	958	Vacuolar protein sorting-associated protein VTA1 homolog (Dopamine-responsive protein DRG-1) [Taeniopygia guttata]
contig11036	336	336	TTCAAGCACCAAAACCATTGGAAACAaTTAAGAGACCAAGCCCAGATGAGCCAATGACAAATTTGCAGCtGAAAGTGTCAGCTTCCTTGAAACAAGCTCT	[T/C]	GATAAACTGAAACTGTCATCAGAAAATGAAGGCAGAAAAGAGGAGGATAGCGATGAAATCAAGATTGGGACGGCATGTAAAAATGCAGGCTGTTCAAAAA	18	61%	0	4	4	0	8	ENSTGUG00000012877	58	962	Cysteine and histidine-rich domain-containing protein 1 (CHORD domain-containing protein 1)(CHORD-containing protein 1)(CHP-1) [Taeniopygia guttata]
contig10822	2226	2226	TTGTTAATGAAAAAaTGCCAGGTTGTGATCGCgtCCTGGTACAGGAGATACTCACAACAAAAAAATaCCAGAAGATAAAGAGTTCGGCTATCACAGTACA	[A/G]	TCGTACATCAGAGGgTGGAAGGCTCGGAAACTTCTTCGGGAGCTGAAGCACCTGAAGCGCTGCAATGAGGCTGCCACAGTAATTGCTGCTTATTGGCATG	16	56%	0	5	3	0	8	ENSTGUG00000010724	33	3633	Myosin-Ib (Myosin I alpha)(MMI-alpha)(MMIa)(MYH-1c) [Taeniopygia guttata]
contig10424	1197	1197	CCCGTTCcATCGCTACCGAGCTCCCTCTGCAGAAGTGGAGATGACGGCCTACGTGCTCCTGGCTCACCTCACCTCGCAGCCAGCCCCTGCCCAGGAGGaG	[A/C]	TGGTGTTTGCCTCCcTTATTGCAAGgTGgATCAGCAGCCAGCAGAaTCCCAATGGAGGCTTCTCCTCTACCCAGGACACAGTGGTGGCTCTCCAAGCCTT	14	64%	0	4	4	0	8	ENSTGUG00000013071	2552	4209	Alpha-2-macroglobulin Precursor (Alpha-2-M)(C3 and PZP-like alpha-2-macroglobulin domain-containing protein 5) [Taeniopygia guttata]
contig10317	920	920	CAAGAGAGGAAACCTTAAACCTCTCTGGTAAGAAGAAAACAGAACTGGAGAGGCTTGGCATGGGATTAGGCAGCAATAGGAGTGGCATTTCTCACTCAGT	[C/T]	GCCTCAGAGATGCAAACAATCGAGCAGGAAACACCTACAATTGCAAAGCCAAAGAAGAAGTACATGGATAATGTGGAAGACTCTTACTTCTCTTCCAGCT	40	37%	0	3	5	0	8	ENSTGUG00000012247	37	1523	ADP-ribosylation factor GTPase-activating protein 3 (ARF GAP 3) [Taeniopygia guttata]
contig09585	551	551	CTTCTtCAGGCAGGGAATGCTGGATGTAGCTGAGGAGCTTTGTCAGGAATCTGGTCTATCAATAGATCAAAGTCAAAAAGAACCATTTGTGGAATTAAAT	[A/C]	GAATATTGGAAGCATTAAAAGTTAGAGTTTTGAGACCTGCACTAGAGTGGGCGGTATCCAACAGAGAGATGCTCATGGCACAGAACAGCTCGCTGGAATT	24	62%	0	4	4	0	8	ENSTGUG00000010838	80	1908	Protein RMD5 homolog A [Taeniopygia guttata]
contig08994	4294	4294	GAGATTTTCAGGTTGGCGATTTAGTACTCATCATCTTGGATGAAAGGCATGACAACTACGTGTTGTTTACTGTTAGTCCAACCTTGTATTTCTTGCACTC	[A/G]	GAGTCCCTTGCTGCACTGGATCTCAAACCAGGTGagtgtCATCGGGTGCATCTAGGAGACCATGGGTGCTAGGAAAAGTGATGGAAAAGGAGTATTGCCA	23	70%	0	5	3	0	8	ENSTGUG00000010964	314	5023	RB1-inducible coiled-coil protein 1 [Taeniopygia guttata]
contig07205	1116	1116	GAGATTCAGGCTCTCTGACCAATCTCAAGAGGGCAAATGCTGATGTAGAAATAATAACACCACGAAGCCCAATGGGAAAGGAAAaCATGGTtACTTTCAG	[T/C]	AACACTTTGCCAAGAGTCAACACACCATCCTTGGAAGATCCAGCAAGACGCAATGCAACAATACACGCATCAATGGATTCTGCCCGTTCCAAACAGCTGC	15	60%	0	4	4	0	8	ENSTGUG00000005441	31	2193	plasticity related gene 1 [Taeniopygia guttata]
contig06336	1627	1627	TATTTTTTATTATTTTGAGATAAATTTGTCATTTAAAAGGAAACAAAAaTAAGTCTTACACCTGGGCAGGAaGATGTTTGGCAGTGAAGAGAAACTGCCT	[G/C]	CATCAGTTTAGACTGTGAATTCaCTTTCAGaTGAGCACtATTAAAAGtttgtgctaaactGaaaaTGAGACTacgttaagtagcATAACAAttacatatg	14	50%	0	4	4	0	8	ENSTGUG00000007281	98	1858	EF-hand domain-containing family member A2 [Taeniopygia guttata]
contig04265	362	362	CAGGTCGAATCCATGCAAAGCGTGCTGCTGGAGGGAAACTGATTTTCTATGATCTTCGTGGTGAAGGAGTCAAGCTGCAGGTCATGGCAAATTCCAGCCT	[C/T]	TACAAATCTGAGGAAGAATATTTCCGTGTTAACAGCAAGCTGCGTCGTGGGGACATTATTGGTGTAGAGGGGAATCCTGGTAAAACAAGGAAAGGGGAAC	28	29%	0	4	4	0	8	ENSTGUG00000008400	119	1871	Lysyl-tRNA synthetase (EC 6.1.1.6)(Lysine--tRNA ligase)(LysRS) [Taeniopygia guttata]
contig03331	618	618	CATTTGAGGCTGCACCAGCGAGTGGTGGTagTGCcAGTGtAGAAAaGTTGACGCCCCcAGCGCCCGTCGGGAtCTCGGAGTGGATTGAGCAGAAGCTGAC	[C/G]	AAGAGCGACCGGCCGGAGCTCACCAGCGCcAAAGTGGTGGTGTCAGGGGGgCGGGGCTTGAAGAGTGGTGAAAATTTTAAGTTGTTGTATGAACTTGCGG	25	52%	0	5	3	0	8	ENSTGUG00000003549	1	1059	Electron transfer flavoprotein subunit alpha, mitochondrial Precursor (Alpha-ETF) [Taeniopygia guttata]
contig02598	221	221	TCGTCCTTATTTCTGCCAACTGTGAAAACGGGAACTTGATCTTGGAGGCCGGGGACATGGAGAAGATAAGCGTGCCCGTAAAGCTCTCCAAGAAAAATCC	[T/C]	GTCCGCAACTGCAGGGTGTTTGGACAGGATATCCAAGGCAGAGACTGTGGTGATGAAGTGGCTCAGTGGATCACCACCTTCCTGAACTCAGAGCCCTGTC	22	68%	0	4	4	0	8	ENSTGUG00000002713	98	894	MOSC domain-containing protein 1, mitochondrial Precursor (EC 1.-.-.-) [Taeniopygia guttata]
contig02438	1742	1742	CTCCACCTCAAGCtCACCCTCCATACTCAGGACATCATCCTGTACCCCATGAAGCGAGATACAGAGACAAACGAGTACACGACTATGACATGAGAGTAGA	[T/C]	GACTTCCTTCGCCGCACACAAGCTGTTgTCAgCGgTCGGaGAAGccggccccgggagagggaccgagagcgggagcgcgaccggcctcgagataatcgga	12	67%	0	5	3	0	8	ENSTGUG00000004452	115	2050	YTH domain-containing protein 1 (Putative splicing factor YT521) [Taeniopygia guttata]
contig02242	572	572	TAATTTTGAACTGCAGCATTAATGGTTTACGGAGAGCCAACTTCTCCATACTAaGGAAAAGTTCCAGTGGAGACATCCTGCTGAAAAAATCTAGAGTCTT	[G/A]	gCAATTAAAGTTAATGTGAATGATACTGGATCTTACACCTGCAAAGCTGAAGTAAAAGGAATAGTCAAGGAGAGCAAACCTGTAAGGATAAGcGTTTATG	24	75%	0	5	3	0	8	ENSTGUG00000004687	458	1710	Platelet endothelial cell adhesion molecule Precursor (PECAM-1)(EndoCAM)(GPIIA')(CD31 antigen) [Taeniopygia guttata]
contig02212	404	404	GGAGAAGCTTGAGGAAGCTATCACTATGCATTCTGCAGAGCTTTCAGAGGTGCAGATAGCCCTTAATGAAGCGAAACTGAGTGAAGAAAAGGTGAAATCT	[C/G]	AGCTTCATCATGTGCAGGAAGAGAATGCTAGACTGAAAAAGAGCAAGGAGCAGCTGCTAAAAGAAGCTGAAGGTTGGAGTGAGAGGCATTCTGAGCTCCA	20	40%	0	3	5	0	8	ENSTGUG00000002674	153	1618	Melanoma inhibitory activity protein 3 Precursor (Protein TANGO)(C219-reactive peptide)(D320) [Taeniopygia guttata]
contig01042	926	929	AATACTGTGAGCTTCCTGTGGAATGCAAAATCTGTGGTCTTACACTAGTGTCTGCACCTCACCTGGCTCGGTCTTACCATCACTTGTTTCCTTTAGATGC	[TTTT/CTTC]	CAGGAAGTTCCACTGGAAGAATACAAAGGGGAACGGTATTGTCAAGGCTGCCAGGGAGAAATGAAAGATCAAAATGTGTACATATGCAAAGTGTGTCAGA	27	30%	0	4	4	0	8	ENSTGUG00000001554	59	1153	General transcription factor IIH subunit 2-like protein (General transcription factor IIH polypeptide 2-like protein) [Taeniopygia guttata]
contig00678	942	942	TTTCTGCAGTAACATAAATAAAAAaGTATATATCCCTCAGGCtCTGCACTTTAGTTGTCTCTTTGTCTATGAAATTACTCTTAACAGTTTGATTGTGGTG	[A/C]	ATCTGGTAGCACAAAGGTGTTTCATAGGGAAAATTCTGAATGGATCTTCTTGAATATACAGGGAATTATTGTGAGAGATGGCATAATGGATGTATTCCCC	11	73%	0	5	3	0	8	ENSTGUG00000001029	38	1247	Receptor expression-enhancing protein 5 (Polyposis locus protein 1)(TB2 protein) [Taeniopygia guttata]
contig00678	147	147	AGCGGTTCGACCGCTTCCTACACGAGAAGAACTGCATGACCGCCGTACTCGAGCGGATCGAGAGCAAGACCGGCGTCAGCCGCACCTACATCGCCACCGG	[C/T]	ATCCTCGGGGTCGTGGCCGTGTACCTGGTGGTGGGATACGGCGCGTCCCTGCTCTGCAACATCATCGGCTTCGCCTACCCcGCCTACGTCTCAATCAAGG	14	64%	0	5	3	0	8	ENSTGUG00000001029	38	1247	Receptor expression-enhancing protein 5 (Polyposis locus protein 1)(TB2 protein) [Taeniopygia guttata]
contig00355	117	117	TGGTGCGCGCCACGGTGCGCGCCGTCAGCAAGCGCAGGATCCAGGCGACCCGCGCCGCCCTCACGCTGACCCCTTCTGCTGTTCAGAAGATAAAAGaGCT	[T/G]	CTGAAAGACAAACCTGACCATGTAGGTGTAAAAGTAGGTGTTCGTACAAGGGGATGCAATGGACTTTCTTACACATTAGAATATACAAAATCAAAaGGAG	14	57%	0	4	4	0	8	ENSTGUG00000000630	286	874	Iron-sulfur cluster assembly 1 homolog, mitochondrial Precursor (HESB-like domain-containing protein 2)(Iron sulfur assembly protein IscA)(hIscA) [Taeniopygia guttata]
contig00103	2186	2186	GAAGaCTGGAAAACaCTGATTGATCTCTTGAAAAAAACCacACTGCgCTGAGCCcTAAAGACAGAGCAgATTTGATCAACAgtATCTTcAAtCTTGAACG	[A/T]	CTAGGAAGAGAGTCTCTGGAAAAGgCCTTTGAGTTGATAGATTACCTCAACAAAGAGAACAGCACTGCACCACTTACtCAAGCTTTGTTtCAGCTGAGTC	18	50%	0	3	5	0	8	ENSTGUG00000000082	37	3062	Leucyl-cystinyl aminopeptidase (Cystinyl aminopeptidase)(EC 3.4.11.3)(Oxytocinase)(OTase)(Insulin-regulated membrane aminopeptidase)(Insulin-responsive aminopeptidase)(IRAP)(Placental leucine aminopeptidase)(P-LAP) [Contains Leucyl-cystinyl aminopeptidase [Taeniopygia guttata]
contig00103	2132	2132	GAATGGATAAAATTTAatGTAGATATGAATGGCTATTACATAGTTGACTATGCTGAAGaCTGGAAAACaCTGATTGATCTCTTGAAAAAAACCacACTGC	[G/T]	CTGAGCCcTAAAGACAGAGCAgATTTGATCAACAgtATCTTcAAtCTTGAACGACTAGGAAGAGAGTCTCTGGAAAAGgCCTTTGAGTTGATAGATTACC	19	47%	0	3	5	0	8	ENSTGUG00000000082	37	3062	Leucyl-cystinyl aminopeptidase (Cystinyl aminopeptidase)(EC 3.4.11.3)(Oxytocinase)(OTase)(Insulin-regulated membrane aminopeptidase)(Insulin-responsive aminopeptidase)(IRAP)(Placental leucine aminopeptidase)(P-LAP) [Contains Leucyl-cystinyl aminopeptidase [Taeniopygia guttata]
contig13395	855	855	AAATTGGAGGGTGAaGATGGAAGCTGTCCGGGCATGGGGAGGAGAATAAGGCCTGCATGGCCCCTCCTCGTGGGTCTGAGGAGCTGGGAGCAGGTGGAGA	[A/G]	CTGTGAGCAGCAGGGGCAAGGCTGGGGACGTTGCTGGAGaCCATTtAGCCCTGAGCTAGGCTGGTACCCTTGTTCTgaaggaaggggcaacttc	12	58%	0	4	3	0	7	ENSTGUG00000014760	1523	2471	Stress-70 protein, mitochondrial Precursor (75 kDa glucose-regulated protein)(GRP 75)(Heat shock 70 kDa protein 9)(Peptide-binding protein 74)(PBP74)(Mortalin)(MOT) [Taeniopygia guttata]
contig13122	160	160	TAAAAaGACTAGGAAAGAGATTTAAGAAGCTTGATTTGGACAACTCTGGTTCTCTGAGCGTGGAAGAGTTCATGTCTTTACCTGAATTGCAACAGAACCC	[A/G]	TTAGTCCAGCGAGTAATAGATATATTTGACACAGATGGCAATGGAGAAGTGGATTTTAAAGAATTTATAGAAGGAGTCTCCCAGTTCAGTGTCAAAGGAG	13	62%	0	4	3	0	7	ENSTGUG00000018231	1	510	protein phosphatase 3, regulatory subunit B, alpha [Source:HGNC Symbol;Acc:9317]
contig12300	529	529	AATTGTTTCTCTGGATGAAGAGTTCCGACCTGTGAATGAAATGATCCCACTGGTGTATATTGAGGACCCAAAGAAAAaTCGTCTGTACCAGTGGACAAAC	[G/A]	CAGAGTTAGAGATGGGATTTATACAGCTGTTCTTCAACCTCACCTCTGAACCTATCCAAGGCACCTACACCgTGGTGGCACAGAAGGCCTCTGGGAaGAA	19	95%	0	6	1	0	7	ENSTGUG00000013087	13	935	Alpha-2-macroglobulin Precursor (Alpha-2-M)(C3 and PZP-like alpha-2-macroglobulin domain-containing protein 5) [Taeniopygia guttata]
contig11751	3183	3183	CCGCAAACGCCTGAATCGGATTGAGACCGACGAGGAAGATGGCTGTGAAAACGCGAACGACGACGCAGAAACCCCCGCTCCTGCAGATAAGCTGCCAGCA	[G/A]	CACAAGCCCCCCAAGACAACCCCAAGAAGCACTGCTACCGGATAGAGAGCGATGACGAAGATGACTTTGATAATGTAGGGAAAGTAGAGAGCCCTTTGGA	12	67%	0	3	4	0	7	ENSTGUG00000013027	557	4095	Remodeling and spacing factor 1 (Rsf-1)(Hepatitis B virus X-associated protein)(HBV pX-associated protein 8)(p325 subunit of RSF chromatin-remodeling complex) [Taeniopygia guttata]
contig11564	169	169	GCAGCTTACTGCCAGTTCATGGACATGTTGTTcccAgggTGCATTAGCTTGAAGaaaGTaaaGtttCAAGCaaaGCTGGAGCATGAGTACATTCACAACT	[-/C]	AAACTTcTGCAGGCATCATTTAAAAGAATGAATGtGgATAAGGTAATTCCTGTGGAAAAACTGGTCAAAGGGCGCTTCCAAGACAACTTAGATTTCATTC	11	73%	0	5	2	0	7	ENSTGUG00000010816	66	861	Microtubule-associated protein RP/EB family member 2 (APC-binding protein EB2)(End-binding protein 2)(EB2) [Taeniopygia guttata]
contig10461	1282	1282	GAGATGAAGATGGGAAAACTCCTCTGGATAAAGCTCGGGAAAGGGGgCACAGTGAAGTAGTAGCTATTCTTCAGTCTCCAGGGGATTGGATGTGTCCTGT	[G/C]	AACAAAGGGGATGAGAAGAAAAaGAAAGATGCAAACAAGGATGAGGAAGAATGTAATGAACCCAAAGGAGATCCAGAAATGGCACCCATATACTTGAAAA	10	70%	0	6	1	0	7	ENSTGUG00000011867	185	2289	E3 ubiquitin-protein ligase HECTD1 (EC 6.3.2.-)(HECT domain-containing protein 1)(E3 ligase for inhibin receptor)(EULIR) [Taeniopygia guttata]
contig09585	544	544	TGGAGCACTTCTtCAGGCAGGGAATGCTGGATGTAGCTGAGGAGCTTTGTCAGGAATCTGGTCTATCAATAGATCAAAGTCAAAAAGAACCATTTGTGGA	[A/G]	TTAAATAGAATATTGGAAGCATTAAAAGTTAGAGTTTTGAGACCTGCACTAGAGTGGGCGGTATCCAACAGAGAGATGCTCATGGCACAGAACAGCTCGC	20	65%	0	4	3	0	7	ENSTGUG00000010838	80	1908	Protein RMD5 homolog A [Taeniopygia guttata]
contig08900	826	826	TTAAGATCCCAATCCTTGGGGTCcACCTGAAAGACTTGATATCCCTTTATGAGGGCATGCCAGACTACTTGGAGGACAAAAAGaTTAATGTGTACAAACT	[G/A]	TATTCTCTGTATAACCACATAGATGAGCTGATACAACTCCAGGAAATGCCACTTCCCCTGGAGGCTAATATGGACCTTGTTCACTTGCTTACACTGTCCC	15	47%	0	3	4	0	7	ENSTGUG00000011737	173	2177	RAS guanyl-releasing protein 1 (Ras guanyl-releasing protein)(Calcium and DAG-regulated guanine nucleotide exchange factor II)(CalDAG-GEFII) [Taeniopygia guttata]
contig08683	4959	4959	AAGAAGAGTACAGATCACCTGTGAGGTGCATTGGAACTACCAGACTGTGGCTGGCCTTGGCATCCCTCTGCGTACTTGATCAGGATCATGTTGATAGACT	[C/G]	TCCTCAGGAAGATGGATGGGAAAGGATGGGCAACAaAAaCaGATGCCAATGTGTGATAACCATGATGATGGTGAAACTGCTGCAATCATTTTAtGTAATG	22	68%	0	2	5	0	7	ENSTGUG00000012556	6661	13324	Probable E3 ubiquitin-protein ligase MYCBP2 (EC 6.3.2.-)(Myc-binding protein 2)(Protein associated with Myc)(Pam/highwire/rpm-1 protein) [Taeniopygia guttata]
contig08586	635	635	GAACTTACGGGACACAAGCCTCCAAACAGCTGCgaGACCCTGACACTGACTCTAGTTCTGAATGGCCCTTTCTGTCTGAACTGCAGTGGCTGAgAaGAAG	[G/A]	aGAAGAAgAAaGAGAGCATTATCTCGTGGTGTCTTTGAAGAAATGAAATAtcTGGAGCTCATGATAGTCAATGACCATAAAATGTTCAAAAGGCACCGTT	17	41%	0	3	4	0	7	ENSTGUG00000009963	130	1770	ADAM 23 Precursor (A disintegrin and metalloproteinase domain 23)(Metalloproteinase-like, disintegrin-like, and cysteine-rich protein 3)(MDC-3) [Taeniopygia guttata]
contig07205	966	966	ATGTGTTTCACCCAAATTTTCACAGAGAACCTCTAAGGTCATTGACAGACCTCAGTCAAGATGCCAACAGAATCCTGCCAGGTAAAAATGGCAGCAGCAG	[T/C]	GATGGCATTGTCTCTCACCGTACGGAAAGTATTCTGAATAGAAACCACAGAGATTCAGGCTCTCTGACCAATCTCAAGAGGGCAAATGCTGATGTAGAAA	14	50%	0	4	3	0	7	ENSTGUG00000005441	31	2193	plasticity related gene 1 [Taeniopygia guttata]
contig06194	1821	1821	AGGCAAAAAAGACTCGCCCAACAGCACGAAGAGAAGAGCCAGGCTTTGAGAGATACCCCAAGACCTTCAGCGAGTCCAGAAGAAATGAACCACCcCAGGC	[T/A]	AGAAGCGAACTCCGGGACACGGACAGACGCGAGGTGCGAGGAGACAGAGACGAAAGGAGAACGGTGATcATtCACGAcagaccagaaatcc	14	64%	0	4	3	0	7	ENSTGUG00000006017	416	2327	SAFB-like transcription modulator (Modulator of estrogen-induced transcription) [Taeniopygia guttata]
contig06194	1815	1815	AAGGTGAGGCAAAAAAGACTCGCCCAACAGCACGAAGAGAAGAGCCAGGCTTTGAGAGATACCCCAAGACCTTCAGCGAGTCCAGAAGAAATGAACCACC	[C/G]	CAGGCTAGAAGCGAACTCCGGGACACGGACAGACGCGAGGTGCGAGGAGACAGAGACGAAAGGAGAACGGTGATcATtCACGAcagaccagaaatcc	14	64%	0	4	3	0	7	ENSTGUG00000006017	416	2327	SAFB-like transcription modulator (Modulator of estrogen-induced transcription) [Taeniopygia guttata]
contig04775	878	878	GAGATCAGTTTGATGTTTGTGCCAAAACTGTAGTTAAGGATAACATGACTGTGGCCTCCAAGCTTTGGGAACTCTTCTGCCACAGCACAAACCTGACCAC	[T/C]	GAACACTGTGATGAATATTTCCTAATGAACAACGTCTCGGAGATAGCAGGAATCCCAGGAGCTGCTAGTGGCATTTTAATAGATAACTTATGGAGCAATT	18	61%	0	3	4	0	7	ENSTGUG00000007074	174	3741	Solute carrier family 12 member 4 (Electroneutral potassium-chloride cotransporter 1)(Erythroid K-Cl cotransporter 1)(hKCC1) [Taeniopygia guttata]
contig01903	211	211	TCAATTCCAGAActGgTAgCAAATTGGGCATTTCTCCCTTGATGCTGGCAGCCATGAATGGGCACACTGCTGCTGTCAAGCTGTTACTGGACATGGGCTC	[C/T]	GATATAAATGCCCAGATCGAGACCAACAGGAATACAGCTCTGACTCTGGCCTGTTTCCAAGGAAGAAATGAGGTGGTCAGCCTGCTGCTTGATAGAAAAG	16	56%	0	3	4	0	7	ENSTGUG00000001580	3131	5426	Ankyrin repeat domain-containing protein 17 (Gene trap ankyrin repeat protein)(Serologically defined breast cancer antigen NY-BR-16) [Taeniopygia guttata]
contig01856	268	268	AATACCTGAAAGATGCTATGGATTGCAGTGATGTCATCTGGCAGAGAGGTTTATTGAGAAAAGGGTATGGGATCTGCCATGGTACTGCTGGCAATGGCTA	[T/C]	TCCTTCTTGTCTCTCTATAACCTAACTCAGGACAGAAAGTACCTCTACCGAGCTTGCAAGTTTGCTGAATGGTGTTTGGAGTATGGTGCACATGGATGTC	20	55%	0	4	3	0	7	ENSTGUG00000001810	41	852	LanC-like protein 2 (Testis-specific adriamycin sensitivity protein) [Taeniopygia guttata]
contig01123	1139	1139	CTTCCTGCAAAAGAATGATCTAAATCCTATGTTTCTGGATCAGGTGGCCAAGTTTATTATGGACAACACTAAGGGGCAAACACTGTTGAGTACAAGTAAT	[G/C]	AGTTTTCAGATCCATTTACAGGTGCTGGGCGTTATGTTCCAGGCTCTTCATCTGGATCGAGTACAATACCTGGGGCAGACCCATTTACAGGTGCTGGTCG	20	45%	0	4	3	0	7	ENSTGUG00000001364	261	2390	Phospholipase A-2-activating protein (PLA2P)(PLAP) [Taeniopygia guttata]
contig01042	623	623	TATCTGTCATCGGCCTAAGTGCTGAAGTTCGAGTTTGTACAGTACTTGCCCGAGAAACTGGTGGAACATACCACGTTATTTTGGATGAAAGTCATTACAA	[A/G]	GAACTGCTGATGCACCATGTCAGTCCTCCACCTGCCAGTTCAACTTCTGAGTGTTCCCTTATTCGAATGGGTTTTCCTCAGCATACTATTGCTTCTCTGT	21	48%	0	3	4	0	7	ENSTGUG00000001554	59	1153	General transcription factor IIH subunit 2-like protein (General transcription factor IIH polypeptide 2-like protein) [Taeniopygia guttata]
contig00997	217	217	TCAACGTCGCACTCGGtGTCTTTGTCCTGGCTGGCGTGACAGACCTGTTGGACGGATTTATTGCACGGAactGGgCTAaTCAGAAATCAGCACTGGGAAG	[C/T]	GCTCTCGATCCCCTGGCGGATAAAATCCTCATCAGCGTGCTCTACGTGAGCCTAACTTGTGCAAATCTTATCCCAGTTCCCCTGACTTCCATGATTATCC	13	54%	0	4	3	0	7	ENSTGUG00000002210	69	945	Cardiolipin synthetase (EC 2.7.8.-)(Cardiolipin synthase)(CLS)(Protein GCD10 homolog) [Taeniopygia guttata]
contig00909	219	219	TTCATGATGGAGTGTGTCAGCATTGCAAAGGTATCTTGGAGTGGCGAGTAAAATTCAGAAAGTACAAGCTACTGACAAAACCTAAAAAaTGTGTGAAATG	[C/T]	CTCCAGAAGACTGTAAAAGATCCTTATCATATTATTTGTCGACCATGTGCTGGTAAACTaGAAATTTGTGCTAAGTGTGGGAAACAAGAAGAAATAGTGA	10	70%	0	5	2	0	7	ENSTGUG00000000835	1	460	Uncharacterized protein C9orf85 [Taeniopygia guttata]
contig00678	576	576	CCCAGCTGGACAGCGTTGTGCAGGACCTGAAAGACAAGGCTGCAGAGACTGCAGACACCATCACTAAAGAGGCCAAGAAAGCAACAGTGAACTTGCTGGG	[A/T]	GAAGAAAaGAAGAGCACTTAAACTGGATGAGTTTCCCTACCACCTCCTTTGTGCAGCTTGATGTTACTGGGGACTGTGGTATCAATAATATTGCCTTGGA	13	54%	0	4	3	0	7	ENSTGUG00000001029	38	1247	Receptor expression-enhancing protein 5 (Polyposis locus protein 1)(TB2 protein) [Taeniopygia guttata]
contig00661	1196	1196	TCATTTTGCATGTAGAAGAAGCTCATACACTCCCAGTAAAGCATTTTACAAACCCCtATTGTAACATCTACTTGAACAGTGTCCAGGTAGCAAAAACaCA	[C/T]	ATCAGGGAAGGACAGAACCCTGTGTGGTCTGAAGAATTTGTCTTTGATGATCTTTCATCTGATATTAATAGATTTGAGATAAGTCTtAGtAacAAAACAA	12	75%	0	4	3	0	7	ENSTGUG00000001169	1	2796	Ras GTPase-activating protein 1 (RasGAP)(GTPase-activating protein)(GAP)(Ras p21 protein activator)(p120GAP) [Taeniopygia guttata]
contig00103	1987	1987	GGAACCAGAAAATTGGACATCAGATGCAAGTTACCTGTGGCATATTCCTCTCACTTACATAACAAACAGATGCAACaTCACTCATtGCACTAGTGCATAT	[T/C]	TACTGGATCAGAAGTCAGCTGTCATTGAACTTCCAGAAGAGGTGGAATGGATAAAATTTAatGTAGATATGAATGGCTATTACATAGTTGACTATGCTGA	19	63%	0	3	4	0	7	ENSTGUG00000000082	37	3062	Leucyl-cystinyl aminopeptidase (Cystinyl aminopeptidase)(EC 3.4.11.3)(Oxytocinase)(OTase)(Insulin-regulated membrane aminopeptidase)(Insulin-responsive aminopeptidase)(IRAP)(Placental leucine aminopeptidase)(P-LAP) [Contains Leucyl-cystinyl aminopeptidase [Taeniopygia guttata]
contig13288	297	297	GATGGTGTAGGTGGCTTAGGAATTGGGGAAGGTGCACCAGAAATTGTGACTGGCAGTCGAGATGGAACTGTGAAGGTGTGGGACCCAAGGCAGAATGACA	[C/T]	TCCTGTGGCTAATATGGAACCTGTGGAGGGggAGAGCAAAAGAGACTGCTGGACTGTGGCATTTGGCAATGCTTACAaTCAAGaGGAACGTGTTGTATGT	9	78%	0	4	2	0	6	ENSTGUG00000018213	150	1064	WD repeat domain 92 [Source:HGNC Symbol;Acc:25176]
contig13288	147	147	ATAAAATGTGGAACTTTTGGTGCTACATCTCTGCAGCAAAGATACTTAGCTACAGGAGATTTCGATGGAAACCTTCACATATGGAATTTAGAAGCTCCTG	[A/G]	AATACCAGTGTATTCTGTGAAAGGTCATAAGGAAATCATAAACAGTATAGATGGTGTAGGTGGCTTAGGAATTGGGGAAGGTGCACCAGAAATTGTGACT	10	80%	0	4	2	0	6	ENSTGUG00000018213	150	1064	WD repeat domain 92 [Source:HGNC Symbol;Acc:25176]
contig12971	230	230	CAGAAAACAGAGAACTTGAGAACCAAATTCAGATTTCTGATGCAGAGAACCTGCAGTCCGAGGAGCGGTCTGACTCGGATGTCAATAACGACAGGAGTAC	[A/G]	AGTTCAGTGGACAGTGACATCCTCAGCTCCAGCCACAGCAGTGACACTCTGTGCAACGTGGACAATGCCCCcTCCCctGGCCAATGGgCTGGATtCTCAC	15	53%	0	3	3	0	6	ENSTGUG00000016131	2600	4095	Ubiquitin carboxyl-terminal hydrolase 47 (EC 3.1.2.15)(Ubiquitin thioesterase 47)(Ubiquitin-specific-processing protease 47)(Deubiquitinating enzyme 47) [Taeniopygia guttata]
contig12089	1220	1220	tAgAAAATAAGCAAGTTCTTGTGAACAAATCTATGCCAACTGTGACCCAGACACCTCTGGAAGGGAGCAGTGTGCCTCAGCAGCCACAGTACAAAGATGT	[T/G]	CCAGTAACGTACAAAGGTGCCACTGATTCTTACATTGAAAAaGTAATGATTTCATCAAATGCAGAGGATGCTTTCTTGATCAAAATGTTGCTGAGGCAAA	13	69%	0	4	2	0	6	ENSTGUG00000011035	1332	3387	DNA-directed RNA polymerase III subunit RPC2 (RNA polymerase III subunit C2)(EC 2.7.7.6)(DNA-directed RNA polymerase III subunit B)(DNA-directed RNA polymerase III 127.6 kDa polypeptide)(C128) [Taeniopygia guttata]
contig11851	59	59	TTGTAAGTAGTTCTGTATATGCATCACCTCTTGCAAGtAGCCCTGTAaGGAAAAaTCTaTTTAGATTTGGAGAGTCTACCACTGGTTTTAGTTTCAGCTT	[A/G]	TTTAGATTTGGAGAGTCTACCACTGGTTTTAGTTTCAGCTTTAAATCTGCTTTGAGCCCATCCAAATCTCCTGCCAAACAGAATCAGAGTAGAACATCAG	11	55%	0	3	3	0	6	ENSTGUG00000009571	5461	6323	None
contig10215	217	217	CTCAGACATCCTTGATTGTGCAGAATTCATCTGTCATCCTGTGTGGTGTGATCCTGATGATTATCTTCTTGTTTAAGACACAGCTCTTGACATTAtaCCA	[C/T]	GGATGGCTTCTTACATTGTGCTATATCCTGGTTATCACAATAGCAAATATTGCCAATTTGGCCAGCACTGCCACAGCGATCACAATTCAGAGGGACTGGA	10	70%	0	3	3	0	6	ENSTGUG00000010889	197	1660	Solute carrier family 40 member 1 (Ferroportin-1)(Iron-regulated transporter 1) [Taeniopygia guttata]
contig10085	41	41	CCAAaGACCCCTgTGCGgAGGCGgCtgTCAATGgAAGCCAaAcGgaGGgCagTGaGAAGgAaGCCAGCCGCTCCGAAaGcagctttgatgcagacagtga	[A/G]	AcGgaGGgCagTGaGAAGgAaGCCAGCCGCTCCGAAaGcagctttgatgcagacagtgaagcctcagAAAGCgAAAgtGCTTCGAAGCaaaCAACtttGA	15	93%	0	5	1	0	6	ENSTGUG00000012285	1427	2436	Ubiquitin carboxyl-terminal hydrolase 45 (EC 3.1.2.15)(Ubiquitin thioesterase 45)(Ubiquitin-specific-processing protease 45)(Deubiquitinating enzyme 45) [Taeniopygia guttata]
contig09879	734	735	GATCTGGAgATCAGAAACaCtGctccAGATCTTTGTGGAAaTGTGGCTTCATCATTATtCACTGgAAATGTATCAGAAAaTGCAGTCCCCTcAcGTCaCT	[CA/GGAG]	gTTCTCcActaCCGACTCAGTATcTCcAGTAAACACCACGGTAGTCCTGCCCAATCCAGCTACCAGGCCCTCCACGCAtACCAAGAGTCATTCAAGCCCA	12	83%	0	5	1	0	6	ENSTGUG00000010118	19	1907	Sphingomyelin phosphodiesterase 4 (EC 3.1.4.12)(Neutral sphingomyelinase 3)(nSMase-3)(nSMase3)(Neutral sphingomyelinase III) [Taeniopygia guttata]
contig09879	731	731	GGAGATCTGGAgATCAGAAACaCtGctccAGATCTTTGTGGAAaTGTGGCTTCATCATTATtCACTGgAAATGTATCAGAAAaTGCAGTCCCCTcAcGTC	[-/AG]	CTcAgTTCTCcActaCCGACTCAGTATcTCcAGTAAACACCACGGTAGTCCTGCCCAATCCAGCTACCAGGCCCTCCACGCAtACCAAGAGTCATTCAAG	11	91%	0	5	1	0	6	ENSTGUG00000010118	19	1907	Sphingomyelin phosphodiesterase 4 (EC 3.1.4.12)(Neutral sphingomyelinase 3)(nSMase-3)(nSMase3)(Neutral sphingomyelinase III) [Taeniopygia guttata]
contig09783	491	491	ATCGAGATGGATTGCATGACCTGAACGTGCAGTGTGATTGGCAACAAAAGGGTGGTACTTACTGGGTCAGATATATCCATGTTGAGCTTTTAGGATTCCC	[A/G]	CCTCAGAGTTCTGCCTCCCATATCAAGATAGGTGACAAAGTGCGTGTGAAAAGCTCTGTCACCACTCCCAAATACAAATGGGGATCAGTCACTCACcGAA	15	67%	0	3	3	0	6	ENSTGUG00000010457	7414	10318	Probable E3 ubiquitin-protein ligase HERC2 (EC 6.3.2.-)(HECT domain and RCC1-like domain-containing protein 2) [Taeniopygia guttata]
contig09517	2581	2581	GAACATTTGCTGTGGAAAAGAGAGGTGCTCATGAGATTCGGGAAATACGTCAGTTCCACTTCACGGGCTGGCCAGaCCATGGTgTGCCATACCATGCCAC	[A/G]	GGCCTGCTGGGATTtGTACGgCAGGTCAAATCCAAGAGTCCACCAAATGCTGGgCCTCTGGTtgTTCACTGCAGTGCTGGTgCTGGcAGAACTGGaTGCT	13	77%	0	3	3	0	6	ENSTGUG00000009897	432	3745	Receptor-type tyrosine-protein phosphatase mu Precursor (Protein-tyrosine phosphatase mu)(R-PTP-mu)(EC 3.1.3.48) [Taeniopygia guttata]
contig08752	1218	1218	ATATGTATCTGGATTTCCTCTACTCTGCaCTCGTTGAGTtCCCAGCTGCCTTCCTCATCATCGTCACTATTGACCGTGTCGGGCGGCGCTACCCCTGGGC	[C/T]	GTGTCAAACCTGGTGGCTGGGGCCGCCTGCCTTGCCACAGCCCTCCTCCCAGAGGACATGCATTGGTTGAAAGTGATTACTGCTTGCATTGGgAGAATGG	14	57%	0	2	4	0	6	ENSTGUG00000011460	1	1506	Solute carrier family 22 member 2 (Organic cation transporter 2)(hOCT2) [Taeniopygia guttata]
contig08752	1206	1206	TGgCTGCTGAGAATATGTATCTGGATTTCCTCTACTCTGCaCTCGTTGAGTtCCCAGCTGCCTTCCTCATCATCGTCACTATTGACCGTGTCGGGCGGCG	[C/T]	TACCCCTGGGCCGTGTCAAACCTGGTGGCTGGGGCCGCCTGCCTTGCCACAGCCCTCCTCCCAGAGGACATGCATTGGTTGAAAGTGATTACTGCTTGCA	14	57%	0	2	4	0	6	ENSTGUG00000011460	1	1506	Solute carrier family 22 member 2 (Organic cation transporter 2)(hOCT2) [Taeniopygia guttata]
contig08752	1179	1179	ACCAGGGGCTCATCATGCACATGGGAATGgCTGCTGAGAATATGTATCTGGATTTCCTCTACTCTGCaCTCGTTGAGTtCCCAGCTGCCTTCCTCATCAT	[C/T]	GTCACTATTGACCGTGTCGGGCGGCGCTACCCCTGGGCCGTGTCAAACCTGGTGGCTGGGGCCGCCTGCCTTGCCACAGCCCTCCTCCCAGAGGACATGC	14	57%	0	2	4	0	6	ENSTGUG00000011460	1	1506	Solute carrier family 22 member 2 (Organic cation transporter 2)(hOCT2) [Taeniopygia guttata]
contig08586	629	629	TCCAAAGAACTTACGGGACACAAGCCTCCAAACAGCTGCgaGACCCTGACACTGACTCTAGTTCTGAATGGCCCTTTCTGTCTGAACTGCAGTGGCTGAg	[A/G]	aGAAGGaGAAGAAgAAaGAGAGCATTATCTCGTGGTGTCTTTGAAGAAATGAAATAtcTGGAGCTCATGATAGTCAATGACCATAAAATGTTCAAAAGGC	16	44%	0	3	3	0	6	ENSTGUG00000009963	130	1770	ADAM 23 Precursor (A disintegrin and metalloproteinase domain 23)(Metalloproteinase-like, disintegrin-like, and cysteine-rich protein 3)(MDC-3) [Taeniopygia guttata]
contig08586	568	568	TACTTGATAGAACCAaTGGATCTGACCCACACTGCAGACAGTAAAAGTAGGCCACATATCATCCAAAGAACTTACGGGACACAAGCCTCCAAACAGCTGC	[G/A]	aGACCCTGACACTGACTCTAGTTCTGAATGGCCCTTTCTGTCTGAACTGCAGTGGCTGAgAaGAAGGaGAAGAAgAAaGAGAGCATTATCTCGTGGTGTC	12	58%	0	3	3	0	6	ENSTGUG00000009963	130	1770	ADAM 23 Precursor (A disintegrin and metalloproteinase domain 23)(Metalloproteinase-like, disintegrin-like, and cysteine-rich protein 3)(MDC-3) [Taeniopygia guttata]
contig06635	185	185	CCTTGGaGgAGGAGGAAGAGAAGAATGGCAGGGAAGAACTTGTGGAAAAGAAAGTTTGTAAAGGATCAGTGGGCATTCTTGGCCTGAAGGGTTATGTGGC	[G/A]	GAGAGGAAAGGTGAGAGAGAAGACATGCAGGATGCACACGTCATCTTgAaCGACATCACCGAGGAGTGCCGGCCTCTGCCCTCCCAAATCACACGTGTCT	14	64%	0	3	3	0	6	ENSTGUG00000006550	203	1114	Integrin-linked kinase-associated serine/threonine phosphatase 2C (ILKAP)(EC 3.1.3.16) [Taeniopygia guttata]
contig06159	675	675	AGCAgcAaGGTTTTCTTAATGCTCAAATGGTGGCTCAGCGTAACAGGGAACTAATAAGTCACCATTTTAGACAACAGAGGATGGCAATGATGATGCAGCA	[G/A]	CAACAGCAACCTCAGGCCTTCAGTCCACCACCAAATGTGACAGCCTCAGGAAGCATGGATAGTGCTTTGACAGGCCCTCCAATGGCTCAAGTTCCTTCAC	11	64%	0	3	3	0	6	ENSTGUG00000008993	3094	4194	Nuclear receptor coactivator 3 (NCoA-3)(EC 2.3.1.48)(Thyroid hormone receptor activator molecule 1)(TRAM-1)(ACTR)(Receptor-associated coactivator 3)(RAC-3)(Amplified in breast cancer-1 protein)(AIB-1)(Steroid receptor coactivator protein 3)(SRC-3)(CBP-int [Taeniopygia guttata]
contig04808	1126	1126	CTACAAAGACTTATTCCAATGAAGTTGTCACATTATGGTACAGACCACCTGATGTTCTCCTTGGATCTTCAGAGTATTCAACTCAAaTTGACATGTGGGG	[C/T]	GTCGGATGCATATTcTTtGAAATGGCGTCAGGAAGACCTCTTTTTCCTGGTTCAACTGTTGAAGATGAACTGCACTTAATTTTCAGACTTCTTGGAACTC	13	69%	0	3	3	0	6	ENSTGUG00000008629	6	2015	Serine/threonine-protein kinase PCTAIRE-2 (EC 2.7.11.22)(PCTAIRE-motif protein kinase 2) [Taeniopygia guttata]
contig04766	991	991	GTGATGTGTTTGACAATCTCATAATTTCTCTGTGCAAGTTTACAGCTCTCAGCAgTGAGTCTATTGAGAACCTGCCCaCtGTTTTTGGAAGTAATCCCAA	[A/G]	GCCCATATTGCAGcAAAGACAGTGTTTCACTTGGCCCATCGCCATGGTGACATTcTGCGAGAGGGCTGGAAAAACaTCATGGAGGCCATGCTACAGCTTT	9	78%	0	4	2	0	6	ENSTGUG00000007414	1873	5345	Golgi-specific brefeldin A-resistance guanine nucleotide exchange factor 1 (BFA-resistant GEF 1) [Taeniopygia guttata]
contig03830	936	936	TTGTGACTGTGAAATTTGAAGTCTGGGGACTTCAAACCAGAGTAGAGCAATTTGTACACAAGGTGGTCAGAGACATCCTCCTGATCGGTCACCGGCAGGC	[C/G]	TTTGCCTGGGTGGATGAGTGGTATGACATGACAATGGATGAAGTCCGGGAGTTTGAACGAGCCACTCAGGAAGCTACCAACAAGAAGATTGGGATTTTCC	13	69%	0	4	2	0	6	ENSTGUG00000004478	1	1222	Cytoplasmic phosphatidylinositol transfer protein 1 (Retinal degeneration B homolog beta)(RdgBbeta)(M-rdgB beta)(MrdgBbeta) [Taeniopygia guttata]
contig03511	401	401	AAAGTTCCAAAACCAAGAGGGAGACCCAAGTTGGTGAAACCATCATGTCTTTCAGAGGGTGACTTTGTTAATGAGGAGGAGAAGGCAAAGAAAAAaGGAG	[T/C]	AGAAGAAAAGCCCAAAAAGCAAGGGAAAAAaGATGAGGAAAGTCAGAAGGAAGAGGAGAAATCAAAGAAGGAATTTGATAAAAAGGAAGGAAAGAAAGAA	12	58%	0	3	3	0	6	ENSTGUG00000004519	461	2240	PC4 and SFRS1-interacting protein (Lens epithelium-derived growth factor)(Transcriptional coactivator p75/p52)(Dense fine speckles 70 kDa protein)(DFS 70)(CLL-associated antigen KW-7) [Taeniopygia guttata]
contig02984	965	965	AGAAGGCTTTGCTGTGTTATGAAGGCATTCATGGCAGACCGGTTACCAAAAATGAGCGGCAGGTGATGAAGCCGTTGTATGACAGGTATCGCTTGGTCAA	[G/A]	CAGATCCTCTCCAGAGCCAACACCATCCCTATTATTGGTTCCCCCTCCAGCAAGCGGAGAAGCCCTTTGCTGCAGCCAATTATCGAGGGCGAAACAGCTT	30	27%	0	2	4	0	6	ENSTGUG00000003051	1151	2658	Protein FAM13A1 [Taeniopygia guttata]
contig02425	1251	1251	GGCTGGTTGGTTTGCAGAATGTGTTCTCCCATCAGCTGCCTCGAATGCCGAAGGAATACATCACtcGCTTGGTCTTTGATCCGAAACATAAAACCCTTGC	[G/A]	TTAATAAAAGATGGTCGTGTtATCGGTGGTATCTGCTTCCGGATGTTCCCCTCCCAAGGATTTACAGAGATTGTTTTCTGTGCTGTGACTTCCAATGAGC	17	47%	0	3	3	0	6	ENSTGUG00000003246	89	2817	Histone acetyltransferase PCAF (Histone acetylase PCAF)(EC 2.3.1.48)(P300/CBP-associated factor)(P/CAF) [Taeniopygia guttata]
contig02043	887	887	GTGGACCACGACATGGTGAAACGAAAGAAAAaGAAATAGACTGGGGAAAGCGCTGTGTGGATAAATTTGATATTATTGGTATTATTGGTGAAGGCAcTTA	[T/C]	GGGCAAGTTTACAAAGCCAGAGATAAAGATACAGGGGAAATGGTAGCACTGAAGAAAGTACGACTGGATAATGAAAAGGAAGGGTTTCCAATTACAGCTA	10	70%	0	3	3	0	6	ENSTGUG00000001850	691	2781	Cell division cycle 2-like protein kinase 5 (EC 2.7.11.22)(CDC2-related protein kinase 5)(Cholinesterase-related cell division controller) [Taeniopygia guttata]
contig02043	308	308	CTTCCAATACTTCAACACCTACTAAGGGAAACACTGATACTTCTGTAAGCGCACCTCAAGTGAACAATGTTAaGGACCTGAAGAAAATCAAAACTGAGCA	[C/T]	ACACCTTCTCCTACCAGCAGTGCAAATCTGAAAAATGACAAGGCAAAAGCAAAGGTCTCGCTTCCTGAAACAAAAGCAGAAAATAATTTAATTGCAGACA	12	58%	0	3	3	0	6	ENSTGUG00000001850	691	2781	Cell division cycle 2-like protein kinase 5 (EC 2.7.11.22)(CDC2-related protein kinase 5)(Cholinesterase-related cell division controller) [Taeniopygia guttata]
contig01681	213	213	CTAAGTTGAAACTCTATGCCCTGTTTAAACAGGCTACTGAAGGTCCCTGCAATGCTCCAAAACCAGGTATGCTGGACTTCGTCAAGAAAGCCAAGTGGGA	[C/T]	GCATGGAACTCTCTTGGCAATTTGTCTCAGGATGATGCTAGACAGAAATATGCTGAACTTGTCTCAAGTCTAGTCTCTGCAGAATCTGCTAGCCAGAAGG	18	44%	0	1	5	0	6	ENSTGUG00000002230	22	1076	Peroxisomal 3,2-trans-enoyl-CoA isomerase (EC 5.3.3.8)(Dodecenoyl-CoA isomerase)(Delta(3),delta(2)-enoyl-CoA isomerase)(D3,D2-enoyl-CoA isomerase)(DBI-related protein 1)(DRS-1)(Hepatocellular carcinoma-associated antigen 88)(Renal carcinoma antigen NY-REN [Taeniopygia guttata]
contig12861	612	612	GgCTATTGGCACAGATGGAGGAGGCTCTGTGAGGATtCCTGCTTCGTTCTGTGGTgTGGTGGGgCTGAAaGGTACATTTGGGCGCATCAGTTGTCATGGC	[T/A]	GCTTGCCACTCTCCTACTCCACAGTCAGTgtAGGCCCTATCTGTACATCAGTGgCAGATGCAGCCATTGTTtACaGTATCCTTGCTGAGCCAGATCTGCT	10	70%	0	3	2	0	5	ENSTGUG00000013393	22	1420	None
contig12563	673	673	TTTAAAtCTTGATGGAAACCCTCTGGTTAAGGTTGAGAAAGGAGACTTCACAGGGCTGAAAGACTTGATCCATTTATCCCTCAGTGGCCtGCATGGCTTT	[A/T]	GGGAGTTATCTCCTCAGAGCTTCAAGGAACTCCAAGCCCTCCAGGTTCTGGATTTATCCAACAATCCCAACTTGAAGTCACTGTCTGCTGAAGTTATCTT	7	71%	0	3	2	0	5	ENSTGUG00000013059	1	994	Tsukushin Precursor (Tsukushi)(Leucine-rich repeat-containing protein 54)(E2-induced gene 4 protein) [Taeniopygia guttata]
contig12300	815	815	GATGAGGAGCTGAAGGTGACAGTTtgTGGACTGTACACGTTTGGGAAaCCCgTTCCcGGCCTtGTGAACTTCCgTGTCTGCCGGAaCTATGAACaTGCAG	[C/A]	cATGTCCtGTTATGGTgAAGaGtCTaGAGCAGTCTgTgAGGAgTTctctGGACaGACaGaCATCTATGGgTGCATttcTgAaGTGgTAAagaccaaatta	9	78%	0	3	2	0	5	ENSTGUG00000013087	13	935	Alpha-2-macroglobulin Precursor (Alpha-2-M)(C3 and PZP-like alpha-2-macroglobulin domain-containing protein 5) [Taeniopygia guttata]
contig11547	356	356	agCAATTTAAGTCAGCCCTTAAaCAGCAGGACATGGTTGATACAATCTTGTACTTGGCAAAAGTGtATTTGCGCTTGGATCAGCCTGTAACAGCTcTGAA	[T/C]	CTTTTCAAGCAAGGGTTAGAGCGATTTCCTGGAGAAGTGACTCTTaTTTGTGGAATTGcccGAATCTACGAGGaaaTGAACAATATCTCCTCGGCTGCAG	9	89%	0	4	1	0	5	ENSTGUG00000012434	352	1274	Tetratricopeptide repeat protein 8 (TPR repeat protein 8)(Bardet-Biedl syndrome 8 protein) [Taeniopygia guttata]
contig11230	750	750	gggagaaaatagacataatcgcagacattttggtcattcctacaaagaaagaaggatctaaacatggtcatgatgctggacttggagatattgcagaaat	[A/-]	ccttggtACTGAGATCCAaACaCCTTtGGaaaaCACAGTtCaTaagaaaaaaagattacaGATATCTGaaaTTGCaaaaGAAGCTGGAACACaaaGaaaa	12	100%	0	5	0	0	5	ENSTGUG00000011653	12176	13565	Ryanodine receptor 3 (RYR-3)(RyR3)(Brain-type ryanodine receptor)(Brain ryanodine receptor-calcium release channel) [Taeniopygia guttata]
contig10316	2096	2096	CTTCCTTGCTGAAGGTGAAAGTTTGCCAGTGTGACTTAAATGGAGACTGCACAGATGTTGACCGGATTGTTGGTGCAGGGCTGGGCACTGGTGCCATCAT	[C/T]	GCAATTCTGCTTTGTATCATCATCTTGCTCATTTTAGTTTTAATGTTCGTGGTATGGATGAAACGCCGTGATAAAGAGCGTCAGGCAAAGCAGCTCTTGA	15	47%	0	2	3	0	5	ENSTGUG00000010620	83	2509	Cadherin-2 Precursor (Neural cadherin)(N-cadherin)(CDw325)(CD325 antigen) [Taeniopygia guttata]
contig10279	1799	1800	TtCtGgAAGGgAAgATcAATTTtGCCCcAaCAtACAAATATGATCTGTtCTCTGAtGAcTATGACACCaGTGAGAAGTGTCGCACGCCGGCGTGGACAGT	[TG/C]	GgATCCTTTGGAGGAGAAGGAAATGGCCGTTCGACCGATCAGCTGAAGACCTGGATCTCCTGAATGCAAGTTTTCACAGTGACACTAatGTCCCTTACAC	7	100%	0	5	0	0	5	ENSTGUG00000013445	628	3152	Synaptojanin-1 (EC 3.1.3.36)(Synaptic inositol-1,4,5-trisphosphate 5-phosphatase 1) [Taeniopygia guttata]
contig10279	1798	1798	TTtCtGgAAGGgAAgATcAATTTtGCCCcAaCAtACAAATATGATCTGTtCTCTGAtGAcTATGACACCaGTGAGAAGTGTCGCACGCCGGCGTGGACAG	[T/A]	tGGgATCCTTTGGAGGAGAAGGAAATGGCCGTTCGACCGATCAGCTGAAGACCTGGATCTCCTGAATGCAAGTTTTCACAGTGACACTAatGTCCCTTAC	7	100%	0	5	0	0	5	ENSTGUG00000013445	628	3152	Synaptojanin-1 (EC 3.1.3.36)(Synaptic inositol-1,4,5-trisphosphate 5-phosphatase 1) [Taeniopygia guttata]
contig08707	390	390	tgcctctgtccaaaagggatggtacggcatgaaaacaagtgtgttgctcacTcAGttaGGtgCCCgtGCTTCCACAAcGGAaGAGAATATTCCAAGGgAG	[C/A]	AaCAGTGACTAAGGACTGCAACACCTGCGTGTGCCAGGGgAGGAAGTGGGAgTGCACCAAAAaTCTgTGTGATGGCACCTGCACTGCTaTTGGTACaGCT	5	60%	0	3	2	0	5	ENSTGUG00000011914	2051	3100	von Willebrand factor Precursor (vWF) [Contains von Willebrand antigen 2(von Willebrand antigen II)] [Taeniopygia guttata]
contig08707	342	342	tgccagaactatgacttggagtgtatcagccatggctgcatatctggatgcctctgtccaaaagggatggtacggcatgaaaacaagtgtgttgctcacT	[C/G]	AGttaGGtgCCCgtGCTTCCACAAcGGAaGAGAATATTCCAAGGgAGcAaCAGTGACTAAGGACTGCAACACCTGCGTGTGCCAGGGgAGGAAGTGGGAg	5	60%	0	3	2	0	5	ENSTGUG00000011914	2051	3100	von Willebrand factor Precursor (vWF) [Contains von Willebrand antigen 2(von Willebrand antigen II)] [Taeniopygia guttata]
contig08442	302	302	CAGCCTGGAAAGGAAAATGGAGGATACCGAACCTAGCAGCTCCCAGTCTTCACTGGTCTTGGATGAGCGGAAGTTAGCAGGTGATCTCTCACCAACTCAA	[G/A]	TAGATATCAGTCAGTTTGGTTCTTTAAAAGAAGATACTAAAATGTCAATTTCGGAAGGCACCGTCTCTGACAAGTCTGCAACTCCCGTTGATGAAGTTGT	9	78%	0	3	2	0	5	ENSTGUG00000005669	4198	4832	Microtubule-associated protein 1B (MAP-1B) [Contains MAP1 light chain LC1] [Taeniopygia guttata]
contig08413	1555	1555	ACAACCCAGACAAACACTatATcTatgTAGTGAGAGTTTTGAGAGAAGGGCAAGTTGAGCCAACATTTGTCTTCCGAACATTTGATGAGTTCCAGGAGCT	[C/G]	CACAACAAACTTGGCATTCTCTTTCCTCTTTGGAAGTTACCAGGCTTTCCTAATAAGATGGTCCTGGGCAGAACACATATCAAAGATGTAGCAGCCAAAA	9	89%	0	4	1	0	5	ENSTGUG00000008575	2865	4836	Phosphatidylinositol-4-phosphate 3-kinase C2 domain-containing alpha polypeptide (EC 2.7.1.154)(Phosphoinositide 3-Kinase-C2-alpha)(PtdIns-3-kinase C2 alpha)(PI3K-C2alpha) [Taeniopygia guttata]
contig07159	550	551	CCTGGAGGTTACCTTGGCCAAGCCGGTAGACAaGGaGCAATACAcTCgCTACCAGAAAGCAGCAAAaGgaGGGgCTGCAGCAACCTCcGAAGTcacccAG	[TT/-]	caaCcTAACTATGTTTACTCTTGTGATCCATACACACTAGCGTACTATGGATATCCATACAATGCCTTGATCGGGCCCAACAGAGATTACTTTGTGAAAg	9	78%	0	3	2	0	5	ENSTGUG00000008705	478	1584	RNA-binding protein 47 (RNA-binding motif protein 47) [Taeniopygia guttata]
contig07118	98	98	CAGAGTGAAAAAAaTGGAGCTGtcAAGAAGAGAAGATCAAACCAGGCAGATGTTCCTGATAGTCTTTGCCAAGAAGCAGAAACATGCTATCGGCTTAAAC	[A/G]	ACTGCCTGAGGACTTCTACCAGTTTTGGAAGTTTTGTGAGGAACTAGATCcTGAGAAACCAAGTGATGCACTTGTGTCAAGTGTTGGACTTAAGCTGGTT	13	77%	0	3	2	0	5	ENSTGUG00000006209	1	954	UPF0609 protein C4orf27 [Taeniopygia guttata]
contig05896	2367	2367	ACGAGGAGTTCATACGGAAGTTTGCTCTGTTTGATGAGCAGCACCGTGAGGAGATGCGGAAGGAGCGGCGCAGGATCCAGGAGCAGTTACGGCGGCTAAA	[A/G]	CGGAACCAAGAGAAAGAGAAACTCAAGGGGCCTCCAGAAAAGAAGCCCAAGAAAATGAAAGAGCGTCCAGACTTGAAACTAAAATGTGGAGCATGTGGTG	13	54%	0	2	3	0	5	ENSTGUG00000006988	1399	4980	Transcription initiation factor TFIID subunit 1 (EC 2.7.11.1)(Transcription initiation factor TFIID 250 kDa subunit)(TAF(II)250)(TAFII-250)(TAFII250)(TBP-associated factor 250 kDa)(p250)(Cell cycle gene 1 protein) [Taeniopygia guttata]
contig05565	924	924	AGCTTTCCAAGTCAGACGTCGTGTTGTCATTCTCCCTGGAGGTTGTCATCATGGaGgTGCAGGGGCTGAAGTCGCTGGCCCCCAACCGCATCGTGTACTg	[T/-]	cAccAtGgAAGtGGAAGGTGGGgAGAAGCTGCAGACAGACCAGGCTGAAGCCTCCAAGCCAACCTGGGGCACCCAAGGAGATTTCACGACGACCCATGCA	9	78%	0	4	1	0	5	ENSTGUG00000009352	281	4341	Calcium-dependent secretion activator 1 (Calcium-dependent activator protein for secretion 1)(CAPS-1) [Taeniopygia guttata]
contig04632	678	678	TCAGACAGCGCTCgaTATCCGGCAgTCGgTgTTtGGaGGTAAAaaCaTCcacGTAGCtACAGcTcATGAaGAcTTGGCTtATtcTTCATATGTtcacCAc	[-/A]	CAGTTTgggAAGtttGACAATGCACTATTCCATGCTGAACGTGCTATTGGCtgTCACTCACATCcTCCCAGAAGACCATCTCCTCTTGGCCTCCTCGAAG	7	100%	0	5	0	0	5	ENSTGUG00000007896	347	2050	Amyloid protein-binding protein 2 (Amyloid beta precursor protein-binding protein 2)(APP-BP2)(Protein interacting with APP tail 1) [Taeniopygia guttata]
contig04632	677	677	ATCAGACAGCGCTCgaTATCCGGCAgTCGgTgTTtGGaGGTAAAaaCaTCcacGTAGCtACAGcTcATGAaGAcTTGGCTtATtcTTCATATGTtcacCA	[C/G]	TCAGTTTgggAAGtttGACAATGCACTATTCCATGCTGAACGTGCTATTGGCtgTCACTCACATCcTCCCAGAAGACCATCTCCTCTTGGCCTCCTCGAA	7	100%	0	5	0	0	5	ENSTGUG00000007896	347	2050	Amyloid protein-binding protein 2 (Amyloid beta precursor protein-binding protein 2)(APP-BP2)(Protein interacting with APP tail 1) [Taeniopygia guttata]
contig03120	1109	1109	TGTATGCAACATTTTTTGAGATCTACAGTGGTAAGGTTTTTGACTTGTTGAACAGGAAGACAAAATTAAGAGTGTTAGAAGATGGTAAACAGCAAGTCCA	[G/A]	GTGGTGGGATTACAGGAGCGAGAAGTCAAATGTGTTGAAGATGTTCTTAAGCTTATTGAAGTAGGCAACAGCTGCAGGACATCTGGCCAGACATCTGCAA	12	67%	0	2	3	0	5	ENSTGUG00000002730	14	2283	Kinesin-like protein KIF2A (Kinesin-2)(HK2) [Taeniopygia guttata]
contig02867	701	701	CAGGACCCTTTGGATTAAGCCTTGTTCAACGTTTAAGACCAGATTTCAAGCGAAAATATTCATCAATGTTTGATGATAACACTGTGGCTGAATATATCTA	[T/C]	CACTGCAATGTGCAGTCACCCAGTGGTGAAACAGCTTTCAAGAACATGACgaTTCCTTATGGATGGGCAAAAAGGCCAATGCTGCAACGGATTTCACAAA	11	73%	0	3	2	0	5	ENSTGUG00000003814	8	962	Abhydrolase domain-containing protein 5 [Taeniopygia guttata]
contig02009	381	381	gaattgtttgaagatatagttgcaagagagtattatagtgaagcagatgccagtcattgcattcagcagatcctggaggccgtgctgcacTGtcAcTCAG	[-/AAA]	tggCaTagttcACaGaGACcTcAaGcctGAGAaCTtACTtCTAGCTAGCAAATCCAAGGGAGCGGCGGTCAAACTGGCAGACTTtGgATTGGCTATAGAa	10	100%	0	5	0	0	5	ENSTGUG00000001821	10	943	Calcium/calmodulin-dependent protein kinase type II delta chain (CaM-kinase II delta chain)(CaM kinase II subunit delta)(CaMK-II subunit delta)(EC 2.7.11.17) [Taeniopygia guttata]
contig02009	379	380	gtgaattgtttgaagatatagttgcaagagagtattatagtgaagcagatgccagtcattgcattcagcagatcctggaggccgtgctgcacTGtcAcTC	[AG/-]	ttggCaTagttcACaGaGACcTcAaGcctGAGAaCTtACTtCTAGCTAGCAAATCCAAGGGAGCGGCGGTCAAACTGGCAGACTTtGgATTGGCTATAGA	10	100%	0	5	0	0	5	ENSTGUG00000001821	10	943	Calcium/calmodulin-dependent protein kinase type II delta chain (CaM-kinase II delta chain)(CaM kinase II subunit delta)(CaMK-II subunit delta)(EC 2.7.11.17) [Taeniopygia guttata]
contig02009	376	376	gaggtgaattgtttgaagatatagttgcaagagagtattatagtgaagcagatgccagtcattgcattcagcagatcctggaggccgtgctgcacTGtcA	[C/-]	TCAGttggCaTagttcACaGaGACcTcAaGcctGAGAaCTtACTtCTAGCTAGCAAATCCAAGGGAGCGGCGGTCAAACTGGCAGACTTtGgATTGGCTA	10	100%	0	5	0	0	5	ENSTGUG00000001821	10	943	Calcium/calmodulin-dependent protein kinase type II delta chain (CaM-kinase II delta chain)(CaM kinase II subunit delta)(CaMK-II subunit delta)(EC 2.7.11.17) [Taeniopygia guttata]
contig01640	764	764	GGAGCATTCCTGTGGATTCTATGGATGAGGAGAAGATAGAAGAGTATCTGAAACGACAGGGTATTTCTTCCATGCAAGAAACCGGACCAAAGAAAATAGC	[C/T]	CCCATTCAGAGGAGGAAGAAACCTGCTTCTCAGAAGAAACGCCGGTTTAAGACTCACAATGACCACTTGGTTGGAGTATTAAAAGATTACTCTGATGTGG	16	62%	0	3	2	0	5	ENSTGUG00000001771	562	1758	Transcription initiation factor IIE subunit beta (TFIIE-beta)(General transcription factor IIE subunit 2) [Taeniopygia guttata]
contig01640	614	614	TCGAGGAAGGGCTGCCCAATGCACAGAAGGCCATAAAGGCTTtAGGGGACCAGATCATCTTCGTTAATCGCCCTGATAAGAAGAAAATTCTTTTCTACAA	[T/C]	GACAAGAGCTGTCACTTTGCTGTGGACGAAGAATTCCAGAAGCTGTGGAGGAGCATTCCTGTGGATTCTATGGATGAGGAGAAGATAGAAGAGTATCTGA	16	56%	0	2	3	0	5	ENSTGUG00000001771	562	1758	Transcription initiation factor IIE subunit beta (TFIIE-beta)(General transcription factor IIE subunit 2) [Taeniopygia guttata]
contig00366	338	338	CATGGGAGTGTGTACTGGAAAAAaGGAaGCATCCAAATTTTAAAGAATGCATCACCTGAACTACCTTTACATCAATCACTAAAGGGCTGTTTTTCAGTCG	[G/T]	TGACAGTCCCATCTGGATGGATTCCAGCACAGCCTCCCAGTGCAGAGCACTGGAGAAAGCCCTGGGGGGAGCCCAGCACCTGGCCAGTGTCACTGGCTCC	14	50%	0	1	4	0	5	ENSTGUG00000000555	1	1230	Xylulose kinase (Xylulokinase)(EC 2.7.1.17) [Taeniopygia guttata]
contig00339	1040	1040	CTGTGGTCATGGCTAGTCAAGGCTATCCAGGGACTTATCCCAAGGGCTTGGAAATAACAGGGCTCGCTAAGGCCAAGCAGCtGGGCCTGGAGGTGTTCCA	[C/T]	GCAGGCACAGCCCTGAAGGATGGCAGGGTGGTGACCAGTGGGGGCAGAGTGCTCACAGTCACGGCCATCAAGGAGGACCTGCCCACGGCGCTGCGGGAGG	13	62%	0	1	4	0	5	ENSTGUG00000000472	74	2893	Trifunctional purine biosynthetic protein adenosine-3 [Includes Phosphoribosylamine--glycine ligase(EC 6.3.4.13)(Glycinamide ribonucleotide synthetase)(GARS)(Phosphoribosylglycinamide synthetase);Phosphoribosylformylglycinamidine cyclo-ligase(EC 6.3.3.1)( [Taeniopygia guttata]
contig00116	215	215	CAGAAAGTATTCGTAAGTGGAGAGAGGAGCAAAAGGAGCGCTTGGAGCAACTTGATGCAAACTCACGAAAGCAGGAAGCAGAATGGAAAGAGAAAGCAAT	[A/T]	AAAGAATTGGAAGAGTGGTATGCAAGGCAAGATGAAAAGCTCGAGAAAACAAAAGCCAGTAACAGGGTGgCAGATGAAGCTTTCTACAAACAACCCTTCG	16	75%	0	3	2	0	5	ENSTGUG00000000114	249	1003	Clathrin light chain A (Lca) [Taeniopygia guttata]
contig11547	471	471	GTTAGAGCGATTTCCTGGAGAAGTGACTCTTaTTTGTGGAATTGcccGAATCTACGAGGaaaTGAACAATATCTCCTCGGCTGCAGAGTACTataaagAG	[A/G]	TGTTaaaaCAAGACAATACTCAcGTGGAAGCCATTGCATGCATTGGCAGTAACCATTTtTATTCAGACCAACCTGAGATAGcTctGCGGTTTtACAGACG	7	100%	0	4	0	0	4	ENSTGUG00000012434	352	1274	Tetratricopeptide repeat protein 8 (TPR repeat protein 8)(Bardet-Biedl syndrome 8 protein) [Taeniopygia guttata]
contig11496	1164	1164	GCTGGGGCCcTCTCCTTGCCaTCATGgTgTACGATGTCTTTGGGAAaaTGAACAAGCTCaTCAaGaCTATCTTTGCcTTctgtagcatgctctgtttgct	[A/G]	aattcaacagtgaatcccatcatctacgctctgaggagcaaggacttgcgacacgccttccgcagcatgttccccacctgcgaagggacggcgcagcccc	9	89%	0	3	1	0	4	ENSTGUG00000012436	7	1322	Cannabinoid receptor 1 (CB1)(CB-R)(CANN6) [Taeniopygia guttata]
contig11296	294	294	GGACTCTAGCTCATGAAATTGCTGTAAATGCAAATTTTTGCATAAAACATGAAGACTACCCACAAAACAGCTTTGCAGGCACAGTGAAACAAATTGTACA	[T/C]	AAGGCATTTTGGGATCATTTGGAATCGGAGCTGAATGAAGATCCTCCAGAATACAAACATGCTATCAAGCTCTTTGAGGAAATTAAGGAGATTCTTCTTT	7	100%	0	4	0	0	4	ENSTGUG00000011052	1	506	T-complex protein 11-like protein 2 [Taeniopygia guttata]
contig10286	427	427	AATCAGCCGAGGATTACAATTCATCTAATACATTGAATGTGAAGGCTGTCTCTGAGACCCCTGCAGTGCCCTCAGTGTCTGAAGATGAGGACGATGAAGA	[T/C]	GATGCAGCTCCACCCCCTGTGATAGCTCCACGACCTGAACACACCAAATCTATATACACCCGCTCTGTGATAGATCCTCTTCCTCCGCCtaCCAGAGATG	8	87%	0	3	1	0	4	ENSTGUG00000013034	114	1597	Serine/threonine-protein kinase PAK 1 (EC 2.7.11.1)(p21-activated kinase 1)(PAK-1)(p65-PAK)(Alpha-PAK) [Taeniopygia guttata]
contig10143	202	202	tttaaaaGTCTACCAggggCATACGctagaaaaaacctacgtAggggaagAttttttCtgggCTGTCACACCAGTTGCTGGAGAttaTAttctctttaaa	[A/-]	tttgacaaGCCAGtcaatGTAGaaaGGTACTTGTTCCACAGTGGCAATCCAGAGCATCCAGGAGACATACTTCTaaaCACAACTGTAGaagttttgcctt	8	100%	0	4	0	0	4	ENSTGUG00000010155	1097	1605	Alpha-1,3-mannosyl-glycoprotein 4-beta-N-acetylglucosaminyltransferase A (EC 2.4.1.145)(UDP-N-acetylglucosamine: alpha-1,3-D-mannoside beta-1,4-N-acetylglucosaminyltransferase IVa)(N-glycosyl-oligosaccharide-glycoprotein N-acetylglucosaminyltransferase IV [Taeniopygia guttata]
contig09636	664	664	TGCAGGCTTTAGTACaGCATtCtAAGATTTCTTCTCACTGTGAtAAAATTGAAGCTAAAGGAGgCCTCcAGCTGcTGCAGAGGATAtACCAGCTAcGTaa	[G/A]	gATTCAGCcAAgATACAGAGGAACATAATCCGCATTATtGGGAAcATGGCTTTGGATGAACGTcTTCACTCATCCATAGTACGTGCAGGTTGGGTTTCtG	7	100%	0	4	0	0	4	ENSTGUG00000011073	266	1957	Protein SERAC1 [Taeniopygia guttata]
contig09601	2476	2476	TTCGGGCATTTCTTTCTGAAGTTcAGgACACAATTCCTGTCCAGTTGGTGGCTGTTACTGATAGCCAGGCAGACTTCTTCGAGAATgAaGCAaTCAaGGA	[A/G]	CTCATGACTGAAGGAGAGCACATAGCAACAGAAATTACTGCTAAGTTTACAGCTTTATATTCATTATCTCAATATCATCGTCAAACTGAGGTTTTCACAT	11	64%	0	1	3	0	4	ENSTGUG00000011900	223	4464	Rho GTPase-activating protein 5 (Rho-type GTPase-activating protein 5)(p190-B) [Taeniopygia guttata]
contig08587	812	812	AACTATAAACATAAAGTTGGGATGTTGAAATAAGTTGGAAATACTTCCTCTATTCAcaTTTCTCTTGTTAACATTAACTGACAAGCGGTACAAGCAAACT	[T/-]	GTTTCAAAAAATCAGGTGTTTTTTtCCTTTtCTCAAATTAAGAAGGAGACACACAGACCAAGTGCAATAAGAGAACTGTTCCAAAATAATGGAGTTGCAA	13	69%	0	3	1	0	4	ENSTGUG00000009963	1821	2938	ADAM 23 Precursor (A disintegrin and metalloproteinase domain 23)(Metalloproteinase-like, disintegrin-like, and cysteine-rich protein 3)(MDC-3) [Taeniopygia guttata]
contig04286	489	489	GGTTACCAATTGCTGATATGGATTTTGAACCCAAAGAAAGAACATCTTCTCAGAAACTTAATGCAAATTTTGGTCCACAAAATACTGTCATTACTGCATC	[C/T]	CCAGACAACTCACCAATGGAAGGAGACTCTCTGAACCTCACTTGTGTGACTCAGAGTAACCcAAGCACAAATaGTTTGGAGTAAATATTtGGCTGAAGAA	9	89%	0	3	1	0	4	ENSTGUG00000005109	127	863	Vascular cell adhesion protein 1 Precursor (V-CAM 1)(INCAM-100)(CD106 antigen) [Taeniopygia guttata]
contig03910	653	653	ATGGAAGAGAAAGGACAGCTGGAAGAGATGTCACTCATATCCAATTCACAAGCTGGCCAGACCATGGAGTCCCTGAGGATCCACATCTCCTCCTCAAACT	[T/C]	cGACGCAGAGTTAATGCCCTCAGCAACTTTTTTAGTGGTCCGATCGTGGTTCATTGCAGTGCCGGCGTTGGGCGCACGGGGACGTACATCGGAATCGATG	9	89%	0	3	1	0	4	ENSTGUG00000004389	387	1233	Leukocyte common antigen Precursor (L-CA)(EC 3.1.3.48)(T200)(CD45 antigen) [Taeniopygia guttata]
contig03476	666	666	GAGATAAAGATGCCAGAGCTGCATTtAtCCGTGATGTTATGATGCCTGGTGAATGGGATGTTTGTGTtACaTCgtATGAAATGGTAATTAAAGAGAAATC	[G/A]	gTCTTCAAGAAATTTAACTGGAGGTACCTGGTAATTGATGAAGCCCACAGAATAAAGAACGAGAAGTCTAAGCTGTCAGAGATTGTACGTGAGTTCAAGA	12	83%	0	2	2	0	4	ENSTGUG00000003899	1	3321	Probable global transcription activator SNF2L1 (EC 3.6.1.-)(Nucleosome-remodeling factor subunit SNF2L)(ATP-dependent helicase SMARCA1)(SWI/SNF-related matrix-associated actin-dependent regulator of chromatin subfamily A member 1) [Taeniopygia guttata]
contig03227	1375	1375	aCCTcAGAGgCTTCCAGCAAACTAcagCCAAGTCcATCATCTCCCcCctcAATCATCAGTTGCAAGACAtccaTCTAGAGAGCAATTAATTGATTATCTG	[T/A]	tGTTGAAAGTTGCcCACCAACCTCCCTaTACcCAGtCCCAGTGCcCTCCAaGaCAAAGCCATGAGTTGgcAAAGCAAGAGATTCgAGtgAGAGTTGACAA	8	87%	0	3	1	0	4	ENSTGUG00000002890	2464	4187	Protein LAP2 (Erbb2-interacting protein)(Erbin)(Densin-180-like protein) [Taeniopygia guttata]
contig02085	643	643	AaGaGGACTccactggactgcAgAAGATGGAAAAGCAgCTTACCTTAGAGAAGaTCCAGGAATGGACACGTCcaGAGCATCTGTATTCCGCTGACGTTCA	[T/C]	GTGCGTTTGCCAAaGTTTAaGCTGGAGgAAatCTATGACCTTAAAaCaGATTTAGCtgCTATGGGCTTGCTGGATGTaTTTGACaGTGgCAAGGCTGACC	11	91%	0	3	1	0	4	ENSTGUG00000002101	217	1137	Leukocyte elastase inhibitor (LEI)(Monocyte/neutrophil elastase inhibitor)(M/NEI)(EI)(Serpin B1) [Taeniopygia guttata]
contig02085	502	502	aatgaaagaaggacagtaaaaatgatgtatcagaaaaataatttaattttggatacatccctgaagagaagatccgtgttttagaGCTGCCTtACGaTGG	[A/G]	AgAgAaCTtAGTAtGATCATCCtGTtACCTGATGACActGAaGaGGACTccactggactgcAgAAGATGGAAAAGCAgCTTACCTTAGAGAAGaTCCAGG	11	82%	0	2	2	0	4	ENSTGUG00000002101	217	1137	Leukocyte elastase inhibitor (LEI)(Monocyte/neutrophil elastase inhibitor)(M/NEI)(EI)(Serpin B1) [Taeniopygia guttata]
contig02009	370	370	tcactggaggtgaattgtttgaagatatagttgcaagagagtattatagtgaagcagatgccagtcattgcattcagcagatcctggaggccgtgctgca	[C/T]	TGtcAcTCAGttggCaTagttcACaGaGACcTcAaGcctGAGAaCTtACTtCTAGCTAGCAAATCCAAGGGAGCGGCGGTCAAACTGGCAGACTTtGgAT	9	100%	0	4	0	0	4	ENSTGUG00000001821	10	943	Calcium/calmodulin-dependent protein kinase type II delta chain (CaM-kinase II delta chain)(CaM kinase II subunit delta)(CaMK-II subunit delta)(EC 2.7.11.17) [Taeniopygia guttata]
contig02009	367	367	tagtcactggaggtgaattgtttgaagatatagttgcaagagagtattatagtgaagcagatgccagtcattgcattcagcagatcctggaggccgtgct	[G/AAT]	cacTGtcAcTCAGttggCaTagttcACaGaGACcTcAaGcctGAGAaCTtACTtCTAGCTAGCAAATCCAAGGGAGCGGCGGTCAAACTGGCAGACTTtG	9	100%	0	4	0	0	4	ENSTGUG00000001821	10	943	Calcium/calmodulin-dependent protein kinase type II delta chain (CaM-kinase II delta chain)(CaM kinase II subunit delta)(CaMK-II subunit delta)(EC 2.7.11.17) [Taeniopygia guttata]
contig02009	365	365	cttagtcactggaggtgaattgtttgaagatatagttgcaagagagtattatagtgaagcagatgccagtcattgcattcagcagatcctggaggccgtg	[C/T]	tgcacTGtcAcTCAGttggCaTagttcACaGaGACcTcAaGcctGAGAaCTtACTtCTAGCTAGCAAATCCAAGGGAGCGGCGGTCAAACTGGCAGACTT	9	100%	0	4	0	0	4	ENSTGUG00000001821	10	943	Calcium/calmodulin-dependent protein kinase type II delta chain (CaM-kinase II delta chain)(CaM kinase II subunit delta)(CaMK-II subunit delta)(EC 2.7.11.17) [Taeniopygia guttata]
contig02009	358	361	tctttgacttagtcactggaggtgaattgtttgaagatatagttgcaagagagtattatagtgaagcagatgccagtcattgcattcagcagatcctgga	[GGCC/AA]	gtgctgcacTGtcAcTCAGttggCaTagttcACaGaGACcTcAaGcctGAGAaCTtACTtCTAGCTAGCAAATCCAAGGGAGCGGCGGTCAAACTGGCAG	9	100%	0	4	0	0	4	ENSTGUG00000001821	10	943	Calcium/calmodulin-dependent protein kinase type II delta chain (CaM-kinase II delta chain)(CaM kinase II subunit delta)(CaMK-II subunit delta)(EC 2.7.11.17) [Taeniopygia guttata]
contig02009	355	355	tagtctttgacttagtcactggaggtgaattgtttgaagatatagttgcaagagagtattatagtgaagcagatgccagtcattgcattcagcagatcct	[G/A]	gaggccgtgctgcacTGtcAcTCAGttggCaTagttcACaGaGACcTcAaGcctGAGAaCTtACTtCTAGCTAGCAAATCCAAGGGAGCGGCGGTCAAAC	9	100%	0	4	0	0	4	ENSTGUG00000001821	10	943	Calcium/calmodulin-dependent protein kinase type II delta chain (CaM-kinase II delta chain)(CaM kinase II subunit delta)(CaMK-II subunit delta)(EC 2.7.11.17) [Taeniopygia guttata]
contig02009	352	352	acttagtctttgacttagtcactggaggtgaattgtttgaagatatagttgcaagagagtattatagtgaagcagatgccagtcattgcattcagcagat	[C/T]	ctggaggccgtgctgcacTGtcAcTCAGttggCaTagttcACaGaGACcTcAaGcctGAGAaCTtACTtCTAGCTAGCAAATCCAAGGGAGCGGCGGTCA	9	100%	0	4	0	0	4	ENSTGUG00000001821	10	943	Calcium/calmodulin-dependent protein kinase type II delta chain (CaM-kinase II delta chain)(CaM kinase II subunit delta)(CaMK-II subunit delta)(EC 2.7.11.17) [Taeniopygia guttata]
contig02009	343	343	gaTTccattacttagtctttgacttagtcactggaggtgaattgtttgaagatatagttgcaagagagtattatagtgaagcagatgccagtcattgcat	[T/A]	cagcagatcctggaggccgtgctgcacTGtcAcTCAGttggCaTagttcACaGaGACcTcAaGcctGAGAaCTtACTtCTAGCTAGCAAATCCAAGGGAG	9	100%	0	4	0	0	4	ENSTGUG00000001821	10	943	Calcium/calmodulin-dependent protein kinase type II delta chain (CaM-kinase II delta chain)(CaM kinase II subunit delta)(CaMK-II subunit delta)(EC 2.7.11.17) [Taeniopygia guttata]
contig02009	340	340	aaggaTTccattacttagtctttgacttagtcactggaggtgaattgtttgaagatatagttgcaagagagtattatagtgaagcagatgccagtcattg	[C/T]	attcagcagatcctggaggccgtgctgcacTGtcAcTCAGttggCaTagttcACaGaGACcTcAaGcctGAGAaCTtACTtCTAGCTAGCAAATCCAAGG	9	100%	0	4	0	0	4	ENSTGUG00000001821	10	943	Calcium/calmodulin-dependent protein kinase type II delta chain (CaM-kinase II delta chain)(CaM kinase II subunit delta)(CaMK-II subunit delta)(EC 2.7.11.17) [Taeniopygia guttata]
contig00223	1564	1564	ATATGTGCAACTACATTGTTCCGGCCACACTAGTTGTCGTCATCTTCATCTGCTTCCAACAGAAGTCCTATGTaTCcTCCTCcAACTtgCCTgTgCTgtC	[A/T]	CTCcTCTTGTTTCTCTATGGGTGGTCCATCACCCCTcTCATGTATCCAGCctCcTTTGtGTTCAAAATCCctaGcACGgCATATGTTGTGCTGACCAGTG	9	100%	0	4	0	0	4	ENSTGUG00000000310	2851	5982	ATP-binding cassette sub-family A member 1 (ATP-binding cassette transporter 1)(ATP-binding cassette 1)(ABC-1)(Cholesterol efflux regulatory protein) [Taeniopygia guttata]
contig00223	1562	1562	GGATATGTGCAACTACATTGTTCCGGCCACACTAGTTGTCGTCATCTTCATCTGCTTCCAACAGAAGTCCTATGTaTCcTCCTCcAACTtgCCTgTgCTg	[T/G]	CaCTCcTCTTGTTTCTCTATGGGTGGTCCATCACCCCTcTCATGTATCCAGCctCcTTTGtGTTCAAAATCCctaGcACGgCATATGTTGTGCTGACCAG	9	100%	0	4	0	0	4	ENSTGUG00000000310	2851	5982	ATP-binding cassette sub-family A member 1 (ATP-binding cassette transporter 1)(ATP-binding cassette 1)(ABC-1)(Cholesterol efflux regulatory protein) [Taeniopygia guttata]
contig12847	339	339	ATCAACGATATGCTGCTTACAAAAAGTGGAAATTTGAAATATTAGAATACTTTCCcAGTGAACTAGGTGGCCtAAGaCATGcAGTAGCCAGTATCGCAGG	[C/T]	GTTGAGGCTTACAAATACATGAAGTTTGAAGGAGGAGTGCATCGTGTTcAGcGGGTGCCAAAGACAGAAAAACAAGGACGCATTCACACCAGCACAATGA	8	87%	0	2	1	0	3	ENSTGUG00000011186	40	1019	Peptide chain release factor 1-like, mitochondrial Precursor (Mitochondrial translational release factor 1-like)(mtRF1a) [Taeniopygia guttata]
contig12789	1074	1074	ACACAGAGCAGCAACGCTGCGAcGGCTACTGGCACTGTCCAAATGGAAGGGATGAAACCAACTGCACCATGTGCCAAAGaGATGAGTTTCCCTGCTCTCg	[A/G]	AaTGGTGTTTGCTATCCTCGTTCAGATCGCTGCAACTACCAGAATCATTGCCCTAATGGTTcGgATGAAAAGAATTGTTTCTTCTGTCAGCCAGGCAATT	13	92%	0	2	1	0	3	ENSTGUG00000012185	187	2574	Low-density lipoprotein receptor-related protein 12 Precursor (Suppressor of tumorigenicity protein 7) [Taeniopygia guttata]
contig12343	128	128	aaaCTGCACtttCAGCTGCTGttgctttttcaGTCCTACTGTaaaCTTATTGGACAAGTGCACGAAGTGAGTTCCATGCCAGAGCTGTTaaaTATGtcAA	[T/G]	aGAACTGAGTGAGCTGAAGAAAAaTCTGAAGGATGCTACTGCTGCAATTGCAGCTGAGCCTCTGACAACAGAATCTGAGCCCACATTCAACTCTACTGAA	12	100%	0	3	0	0	3	ENSTGUG00000011735	8458	8976	Protein furry homolog [Taeniopygia guttata]
contig11405	1138	1138	AGGATGAACTGATTCAGAAaCTAAACACAACAACTAAGAGCGCTGATCACTTGAATGAATTACTtCGTGAATCAGAAGCAACCAATGCTATCCTGATGGa	[G/A]	CAAAtAAAGCTtCTtAAGAATGAAATAaGAaGAttggaaaGaaaTCaagaGAGAGaaaagtcTgtggctaaTCTAGAatacttgaaGaatgtTCtattgc	9	78%	0	2	1	0	3	ENSTGUG00000009650	3316	4720	GRIP and coiled-coil domain-containing protein 2 (Golgi coiled-coil protein GCC185)(Ran-binding protein 2-like 4)(RanBP2L4)(CTCL tumor antigen se1-1)(CLL-associated antigen KW-11)(Renal carcinoma antigen NY-REN-53) [Taeniopygia guttata]
contig10710	938	938	ACTACTGCGGACTGGATCCTGAaGAGCTtGAAAACCTTGGGATGGAAAACTTTGCAAGGGCTAACTCTGATATTATATCCCTCAACTTTCGCAGTGCAAG	[C/T]	ATGATTAGCTCAGACTGTGAACAGTCTCAGGACAGCAACAGTGACCTTAGAAATGATGACAGTGCCAATGACCGTGTGCcATACGGCATTtCTGCCATTG	8	87%	0	2	1	0	3	ENSTGUG00000011117	1	1113	Protein FAM110B [Taeniopygia guttata]
contig10275	28	28	CAGTTGCGCAAGAAAGGTATCCTTccttCCAAAGGAAAATGTGGAGgAACAGGAACGGGCAAAGGAagAGGAGCAGTTTGCCATCCTTCAGAAATCTCTG	[T/-]	CCAAAGGAAAATGTGGAGgAACAGGAACGGGCAAAGGAagAGGAGCAGTTTGCCATCCTTCAGAAATCTCTGGTGAAAACTTATGAGGACATGACTCTGG	8	87%	0	2	1	0	3	ENSTGUG00000010036	30	834	Phosducin-like protein 3 (PhPL3)(Viral IAP-associated factor 1)(VIAF-1)(HTPHLP) [Taeniopygia guttata]
contig10028	541	541	TgaGGCATCAGTCACTGAAGCTGAaGAAGAAGCAGACCAAACGTGCaaaacacaaGatcaacccTGTGTGGaatgagaTGatcatGtttgaggtgCctca	[C/T]	gagcTcctgCGTGccTCCAGCgtggagctggaaatGCTGAgccaggatggagctggccagagccatgtgcttggcaagtgcAgtcTgggcttacacgtca	7	100%	0	3	0	0	3	ENSTGUG00000010295	553	1278	Synaptotagmin-13 (Synaptotagmin XIII)(SytXIII) [Taeniopygia guttata]
contig09263	2260	2260	ATAACTACATGCCAGCAttccTTGATGATCCAgaggaaaataatccTCAGAGACCtaaaatagaTGATGTGCTGCACACCTTGACTGGAGCCATGTCCct	[T/G]	ttGCGacGATGTaGaGTAAATGCTGCTCTGaCCATACAGCTCTtCTCCCAGctcTTTCATTTTAtCAACATgTGGCtttttaacagattagttaCAGccc	8	87%	0	2	1	0	3	ENSTGUG00000009578	1	5484	Afadin (Protein AF-6) [Taeniopygia guttata]
contig07304	917	917	tccagcctcttcatAGcccTGacacaagTGCTTccatgcctacccacggctctcatgaagaatttgcctttccagaccacatggctgatctgagcacgga	[A/G]	gggctgggatctgagaaggagtctgtgcacggctcgcaGCCAGaCCTGCGGCGTATCGCTGATCTGcccGTGCCAGCAGACTTCCtttccctCTCCAGTG	9	78%	0	1	2	0	3	ENSTGUG00000005312	672	2310	Enhancer of mRNA-decapping protein 4 (Human enhancer of decapping large subunit)(Hedls)(Autoantigen Ge-1)(Autoantigen RCD-8) [Taeniopygia guttata]
contig07304	899	899	gtgAGTGaCAgattagattccagcctcttcatAGcccTGacacaagTGCTTccatgcctacccacggctctcatgaagaatttgcctttccagaccacat	[G/A]	gctgatctgagcacggaagggctgggatctgagaaggagtctgtgcacggctcgcaGCCAGaCCTGCGGCGTATCGCTGATCTGcccGTGCCAGCAGACT	9	78%	0	1	2	0	3	ENSTGUG00000005312	672	2310	Enhancer of mRNA-decapping protein 4 (Human enhancer of decapping large subunit)(Hedls)(Autoantigen Ge-1)(Autoantigen RCD-8) [Taeniopygia guttata]
contig07159	543	543	GCTCGTGCCTGGAGGTTACCTTGGCCAAGCCGGTAGACAaGGaGCAATACAcTCgCTACCAGAAAGCAGCAAAaGgaGGGgCTGCAGCAACCTCcGAAGT	[C/A]	acccAGttcaaCcTAACTATGTTTACTCTTGTGATCCATACACACTAGCGTACTATGGATATCCATACAATGCCTTGATCGGGCCCAACAGAGATTACTT	7	100%	0	3	0	0	3	ENSTGUG00000008705	478	1584	RNA-binding protein 47 (RNA-binding motif protein 47) [Taeniopygia guttata]
contig03204	852	852	aaatatcttttcatgtccctgtccctgtggatgcaacatgttgcagaagacaaaactgcagtcttttacagaagtgcttctgatacaacaatttgaagtg	[-/A]	taaccgcacaaaaagcccagaaatttgccagtgtgttctacaggggctcatccaggcaatgaaacttcccaaccctgcccagttttgctggagctttttg	10	90%	0	2	1	0	3	ENSTGUG00000004262	3641	4652	Uncharacterized protein KIAA1797 [Taeniopygia guttata]
contig03204	613	613	GAGcTGGTgAAaGTaGCACTGGCACCCATTGCATTaGTTGGaGAAAGCCATCAGTATCCACCTGTAAACTGGgCaTtcgCattctttctcctttgatgag	[G/A]	ctggactttggtgatgaggtaaaacatctctgccttgaactggctgtgacacaagctcagtcatctcaaaatgcagcaatgcttttagggatgtgggtgg	14	93%	0	2	1	0	3	ENSTGUG00000004262	3641	4652	Uncharacterized protein KIAA1797 [Taeniopygia guttata]
contig03178	250	250	cccATGGTccccttttAcctggagcACACAAGGTCGATAGAGAGTATCGTGTGCAGaaagCCTTAttttcagTTgggtttccagtgcctgagcccctttt	[C/-]	gtattgcagtgacgtttctatcattggaaccgagtttatgtaatgcaacATGTGCAGGGTCGCATTTTCCGAGACATCTCCCTGCCTGAGGTGGGCCCAG	7	100%	0	3	0	0	3	ENSTGUG00000004398	65	1869	Nephrocystin-3 [Taeniopygia guttata]
contig01670	1250	1250	CTGGCTTCGTGGCTGCACTAGACAAAGCTTGtGgTCGATTTAtAAATAATAATGCAGTAACAAAAaTGGCTCAATCATCcAGTAAATCCCCAGAGCTAcT	[-/G]	CaCGATACTGTGACTCTTTACTAAAGAAAGCTCAAAGAATCCAGAAGAAGCAGAATTGGAAGaTaCACTCAATCAAGTGATGGTTGTCTTCAAGTACATT	7	100%	0	3	0	0	3	ENSTGUG00000001790	17	2768	Cullin-1 (CUL-1) [Taeniopygia guttata]
contig01350	577	579	GCTACTCTATTTAAAACTTACATTGTGAGTAACTGTTTACtGTGGTACTTGATACCATTCTGTATTTGAAGTTATTGCATGATGATGATGATGATGatga	[TGA/-]	ccAaTGTATATTCTGTGAAGGAATAGCTGGAACACTGTAAATCTCCTCcTCAGCCTCCaTTTtAtGATGTGCAATATGATCCTGCATCTTTACAaTACTT	8	87%	0	2	1	0	3	ENSTGUG00000001968	14626	15345	Uncharacterized protein KIAA1109 (Fragile site-associated protein) [Taeniopygia guttata]
contig00366	52	52	TTGAAAGTCATTGCTATTGATGAACAGctgAGGGTCATTtAtgAaGATAACGTTCATTTtGATAAGGACCTTCCGGAATTTAAGACTCAAGGTGGAGTCT	[G/A]	TTCATTTtGATAAGGACCTTCCGGAATTTAAGACTCAAGGTGGAGTCTACATTCACAGTGACAGACTGACAGTGACTTCACCAGTGCTTATGTGGGTCAA	11	73%	0	2	1	0	3	ENSTGUG00000000555	1	1230	Xylulose kinase (Xylulokinase)(EC 2.7.1.17) [Taeniopygia guttata]
contig13304	459	459	CACTGTGAAGCCTTACAGCAATGAAATCCATGCACAGGCTCAGCTGTGGCTCAAGAGGGaCCCCAAGGCgTCGTACGAAGCTTGGAAGAAGTGCCTCCCT	[G/T]	CcAGAGGTGCAGATGCCAATGGGAAAACTCCCAGcAAAGCTGAGCTTCACCAGCTCTACTtgTCAGAAAAATACGTCTGGAAGtGGAAGCAGTTCATGAG	8	87%	0	1	1	0	2	ENSTGUG00000016758	11609	14846	E3 ubiquitin-protein ligase UBR4 (EC 6.3.2.-)(N-recognin-4)(Zinc finger UBR1-type protein 1)(Retinoblastoma-associated factor of 600 kDa)(600 kDa retinoblastoma protein-associated factor)(RBAF600)(p600) [Taeniopygia guttata]
contig12177	21	23	gaGACAGTGCACATGCTCAGaaaTGCTGCACTTGTTCTCTTAGCAGTTTGCAGCGGCCATTTCAAAGAAACCATCACAAAGACAAGAGAAAGACcAGAGA	[AAA/T]	TGCTGCACTTGTTCTCTTAGCAGTTTGCAGCGGCCATTTCAAAGAAACCATCACAAAGACAAGAGAAAGACcAGAGAAGCACCCATTCCCAAGATGCTGG	11	91%	0	1	1	0	2	ENSTGUG00000010546	1	503	Uncharacterized protein C4orf48 [Taeniopygia guttata]
contig08259	299	299	GCCTgCTGGACTGGGTGCGGCTCcACGTGTGCGACGTGGACAGCATGGTCCGGgAAGTGCTGAGCAGTGAGAGCCCCTCCAAGCACAAGCTCTTCTGGAA	[T/C]	GTGGTGGATGTCTTTGTGCTCCAAGGCCGGATGGACGAAGCACGGCACCTGCTCTCCAAGGAAGCCACTGCCAATCCCACATCCATGAACATGTACAAAA	14	100%	0	2	0	0	2	ENSTGUG00000008703	351	1119	Nucleoporin NUP85 (Nuclear pore complex protein Nup85)(85kDa nucleoporin)(Nucleoporin Nup75)(Pericentrin-1)(FROUNT) [Taeniopygia guttata]
contig08047	526	527	AaGTTGGATTTTACATGATGGgTGTTTATGcTCCTACACTGctaattgttgttctatcctggctgtcattttggatcaatcctgatgcaagtgctgcaag	[AG/T]	tcccgctgggtattttctcagtGTCaCtCagtctGAATGTACCACTCTtGCtGCTGAACTtCCCAAaGTGTCTtAtGTgAaGGCCTTAGatGTCTGGTTG	8	87%	0	1	1	0	2	ENSTGUG00000005457	367	1494	Glycine receptor subunit beta Precursor (Glycine receptor 58 kDa subunit) [Taeniopygia guttata]
contig08047	523	523	GACAaGTTGGATTTTACATGATGGgTGTTTATGcTCCTACACTGctaattgttgttctatcctggctgtcattttggatcaatcctgatgcaagtgctgc	[-/CTC]	agagtcccgctgggtattttctcagtGTCaCtCagtctGAATGTACCACTCTtGCtGCTGAACTtCCCAAaGTGTCTtAtGTgAaGGCCTTAGatGTCTG	8	87%	0	1	1	0	2	ENSTGUG00000005457	367	1494	Glycine receptor subunit beta Precursor (Glycine receptor 58 kDa subunit) [Taeniopygia guttata]
contig06182	121	121	ttCCAGtaaatattaggttttgcctagagggtatggaagaatcaggatctgagggccttgatgaactgatttttgctcagcgagatgctttctttaaaga	[A/-]	tgtggattatgtttgcatttctgacaactactggctaggcaagaagaagccttgtattacTTATGgTTTGaGAGGTaTCTGcTACTACTTCATAGAGGTG	7	100%	0	2	0	0	2	ENSTGUG00000009147	75	1113	Cytosolic non-specific dipeptidase (CNDP dipeptidase 2)(Glutamate carboxypeptidase-like protein 1)(Peptidase A) [Taeniopygia guttata]
contig04990	1178	1178	atggtcatgccagtgctgtttgcaagaacaccatatacatctctgggggcaagtactcggccccagccagcacaaGCAgTGACGTTTATtCTCTGAgCTC	[A/G]	CTTGAAgggCAGTgggTGaaaCGTGccccAATGAGCATTGCTCGGtttgggCATCAGATGGCAACAATCAggggATCCAttttcACCtttCTgggaCTAT	8	100%	0	2	0	0	2	ENSTGUG00000007449	155	1749	Kelch-like protein 34 [Taeniopygia guttata]
contig04531	2216	2217	ACAAgggaagCTGCaagacatttatggATTCCTATAGTTCCTCAGATAaaggtaaagggagggattcctgtCTGtaggcccttcttCCAGCCGAAGTCAG	[TT/-]	aGtgCGgCAAAGaGAAGtCCTGCGACCTACAGCCACtCTCAGAAGAAaCACAAATGTtCCGTTtACTACAGTAAGCAGAAACCAAaCaCAGCAGCtaGtA	7	100%	0	2	0	0	2	ENSTGUG00000005128	509	4653	Transmembrane protein 131-like Precursor [Taeniopygia guttata]
contig04529	1529	1529	TCAATGCTTGTGGGCAAaGacTtGAAGCAGGACCAGTGACAAATGTACTTATTtCTTTGAGATTTTTGTGTTGCTGAAAGAaGAGACTGATTGCCCAAAC	[C/T]	GTtGATATGCGTGCTTGATTATaCCATAAAatgctctgctgctttggtacttat	9	78%	0	1	1	0	2	ENSTGUG00000008539	363	1948	Leukotriene A-4 hydrolase (EC 3.3.2.6)(Leukotriene A(4) hydrolase)(LTA-4 hydrolase) [Taeniopygia guttata]
contig04507	1387	1387	TCCGTTAATGGCATTCCTGTTTGtCTCTGGATTATCAAGCATGCGCCGAGGATTGtGGGAGAAGTGTCAGGATTACCTCAGAAAAaTCAaCcGGgAaTTG	[-/CC]	AGcTGcTGACCCAcTCCCGATCcaTAGAtCAGtCcTTTCTTCAgTTTTTtGGGgATGAATTTCTTcGcTtGCTTCTCaCAaGaTTTATCTTCTgTTCggc	10	100%	0	2	0	0	2	ENSTGUG00000007202	56	1574	UPF0682 protein C9orf126 [Taeniopygia guttata]
contig00448	9	9	CACTCAGTTaaaacTgggACCTCAAGGCAGCACCGAcGATCCTTTAGCTGATCTTTCTGAGGTCTTAAAcACTGAtGAcGATATTCTTGGAATACTTTCT	[T/C]	aaaacTgggACCTCAAGGCAGCACCGAcGATCCTTTAGCTGATCTTTCTGAGGTCTTAAAcACTGAtGAcGATATTCTTGGAATACTTTCTGATGATTTG	8	87%	0	1	1	0	2	ENSTGUG00000000616	3433	6635	Histone-lysine N-methyltransferase MLL3 (EC 2.1.1.43)(Myeloid/lymphoid or mixed-lineage leukemia protein 3)(Homologous to ALR protein)(Lysine N-methyltransferase 2C) [Taeniopygia guttata]
contig00448	8	8	CACTCAGTTaaaacTgggACCTCAAGGCAGCACCGAcGATCCTTTAGCTGATCTTTCTGAGGTCTTAAAcACTGAtGAcGATATTCTTGGAATACTTTCT	[T/G]	TaaaacTgggACCTCAAGGCAGCACCGAcGATCCTTTAGCTGATCTTTCTGAGGTCTTAAAcACTGAtGAcGATATTCTTGGAATACTTTCTGATGATTT	8	87%	0	1	1	0	2	ENSTGUG00000000616	3433	6635	Histone-lysine N-methyltransferase MLL3 (EC 2.1.1.43)(Myeloid/lymphoid or mixed-lineage leukemia protein 3)(Homologous to ALR protein)(Lysine N-methyltransferase 2C) [Taeniopygia guttata]
contig00447	391	391	AGGAAAAaGAAAaaTAAaCTCGAAGAAACCTTTCCTGCCTATTTGCAGGAAGCTTTTTTTGGAAAaGACTTACTGGATACCAgTAGACAGAGCAAGATGA	[G/A]	CCTGGATAATTtACCtGAAGAGTCAcTTCCAcTTTCATGTAAAaCAAaCTTGGCCAccaatttcctggataccttcatctgatccccttcttagctccac	11	82%	0	1	1	0	2	ENSTGUG00000000616	2937	3427	Histone-lysine N-methyltransferase MLL3 (EC 2.1.1.43)(Myeloid/lymphoid or mixed-lineage leukemia protein 3)(Homologous to ALR protein)(Lysine N-methyltransferase 2C) [Taeniopygia guttata]
contig00368	788	788	AAaGGATCAGTTCTTAAGAGcAGCCCcTGTcaCTGgAGgAATGGgAGCTCAGCTGATGaGgAAAatgggctggagagaaggagaagggcttgggaagaac	[G/-]	aaggaaggcagcgtcgagcccatcatggtggactttaagacagatcgaaaagggcttgtgctgt	8	87%	0	1	1	0	2	ENSTGUG00000000486	236	1088	SON protein (SON3)(Negative regulatory element-binding protein)(NRE-binding protein)(DBP-5)(Bax antagonist selected in saccharomyces 1)(BASS1) [Taeniopygia guttata]
contig08259	151	151	ATGCACCAGGCaGCTGTTTCGACCCGGgACCCTGCCCTGCAAGGCCAGTACAGCACTCAGGTTTCCATTCTCTCTGCAATGGAGCTGATCTGGAACCTgT	[G/-]	TGAGATTCTGTTTGTTGAAgCAGCTACAGCTGGGCCCcTCCTGCTGCGCCTgCTGGACTGGGTGCGGCTCcACGTGTGCGACGTGGACAGCATGGTCCGG	11	100%	0	1	0	0	1	ENSTGUG00000008703	351	1119	Nucleoporin NUP85 (Nuclear pore complex protein Nup85)(85kDa nucleoporin)(Nucleoporin Nup75)(Pericentrin-1)(FROUNT) [Taeniopygia guttata]
contig08259	148	148	GACATGCACCAGGCaGCTGTTTCGACCCGGgACCCTGCCCTGCAAGGCCAGTACAGCACTCAGGTTTCCATTCTCTCTGCAATGGAGCTGATCTGGAACC	[T/A]	gTGTGAGATTCTGTTTGTTGAAgCAGCTACAGCTGGGCCCcTCCTGCTGCGCCTgCTGGACTGGGTGCGGCTCcACGTGTGCGACGTGGACAGCATGGTC	11	100%	0	1	0	0	1	ENSTGUG00000008703	351	1119	Nucleoporin NUP85 (Nuclear pore complex protein Nup85)(85kDa nucleoporin)(Nucleoporin Nup75)(Pericentrin-1)(FROUNT) [Taeniopygia guttata]
contig07511	13	13	AAAGAGCGGGgAaGAGTCGtCAGAAGAGGAAGAGGGcGAAGTTGACAGTGAAGTGGAGTTTCCTCGTAGACAAAGACCCCACcGCTGCATCAGTAGCTGC	[A/T]	GAGTCGtCAGAAGAGGAAGAGGGcGAAGTTGACAGTGAAGTGGAGTTTCCTCGTAGACAAAGACCCCACcGCTGCATCAGTAGCTGCCAGTCCTACTCGA	7	100%	0	0	0	1	1	ENSTGUG00000006958	2379	2850	None
contig04862	170	170	caatcGATGCTGCTAGACAAGCaaaggctgcccaaaacatgagTACCACCACAAcccAGCCTGTAGGATCTCTGtcccaaaGaaaaCGCCAGCAATatGC	[T/C]	AAGagcaaaaaaCagggTAATacatccaatagtcggccAccccGtgcccttttctgtttATccctcaacAATCCAATACGAAgagccTGCATTAGTCTag	12	100%	0	1	0	0	1	ENSTGUG00000006839	40	818	Voltage-dependent L-type calcium channel subunit alpha-1D (Voltage-gated calcium channel subunit alpha Cav1.3)(Calcium channel, L type, alpha-1 polypeptide, isoform 2) [Taeniopygia guttata]
contig02461	82	82	CTCAgttCAGGAAGATATCACCACAaTaCtGAGgacaCTaaaTGaaaaTGCAGGCgaaaGCTctGGTTCATCAACGGctttagccagaatcGaaaGCATC	[A/-]	gccagaatcGaaaGCATCAGCTAGTCATTCTAGtgaaatgCATGGTACttcTCAGCAcTctgcaggtgtaactgttgtgaCatcagCTGTGGTGGAATTG	9	100%	0	1	0	0	1	ENSTGUG00000003433	1267	1667	Vacuolar protein sorting-associated protein 13A (Chorein)(Chorea-acanthocytosis protein) [Taeniopygia guttata]
contig02461	23	23	CTCAgttCAGGAAGATATCACCACAaTaCtGAGgacaCTaaaTGaaaaTGCAGGCgaaaGCTctGGTTCATCAACGGctttagccagaatcGaaaGCATC	[-/GTT]	CAaTaCtGAGgacaCTaaaTGaaaaTGCAGGCgaaaGCTctGGTTCATCAACGGctttagccagaatcGaaaGCATCAGCTAGTCATTCTAGtgaaatgC	9	100%	0	1	0	0	1	ENSTGUG00000003433	1267	1667	Vacuolar protein sorting-associated protein 13A (Chorein)(Chorea-acanthocytosis protein) [Taeniopygia guttata]
